PassengerId,Survived,Pclass,Sex,Age,SibSp,Parch,Fare,Embarked_Q,Embarked_S,Title_Miss,Title_Mr,Title_Mrs,Title_Rare,Title_the Countess
1,0.0,3.0,0.0,-0.5283212965120344,1.0,0.0,-0.7791170658826716,False,True,False,True,False,False,False
3,1.0,3.0,1.0,-0.21518215035509997,0.0,0.0,-0.7293725041008279,False,True,True,False,False,False,False
4,1.0,1.0,1.0,0.4893809284980025,1.0,0.0,2.5998283529284842,False,True,False,False,True,False,False
5,0.0,3.0,0.0,0.4893809284980025,0.0,0.0,-0.7201605482153013,False,True,False,True,False,False,False
6,0.0,3.0,0.0,-0.058612577276632744,0.0,0.0,-0.6900706155108173,True,False,False,True,False,False,False
7,0.0,1.0,0.0,1.976791872743441,0.0,0.0,2.5086299896617703,False,True,False,True,False,False,False
8,0.0,3.0,0.0,-2.0940170272967067,3.0,1.0,0.23972525505656994,False,True,False,False,False,False,False
9,1.0,3.0,1.0,-0.13689736381586634,0.0,2.0,-0.4929347595605481,False,True,False,False,True,False,False
10,1.0,2.0,1.0,-1.1545995888259033,1.0,0.0,0.9026765570967311,False,False,False,False,True,False,False
11,1.0,3.0,1.0,-1.9374474542182394,1.0,1.0,-0.08269320093686093,False,True,True,False,False,False,False
12,1.0,1.0,1.0,2.2899310189003756,0.0,0.0,0.643208922842635,False,True,True,False,False,False,False
13,0.0,3.0,0.0,-0.6848908695905016,0.0,0.0,-0.7201605482153013,False,True,False,True,False,False,False
14,0.0,3.0,0.0,0.802520074654937,1.0,5.0,0.9914208553155401,False,True,False,True,False,False,False
15,0.0,3.0,1.0,-1.1545995888259033,0.0,0.0,-0.7345901559143904,False,True,True,False,False,False,False
16,1.0,2.0,1.0,2.055076659282675,0.0,0.0,-0.13428015389580983,False,True,False,False,True,False,False
17,0.0,3.0,0.0,-2.0940170272967067,4.0,1.0,0.8329752140844828,True,False,False,False,False,False,False
18,1.0,2.0,0.0,-0.058612577276632744,0.0,0.0,-0.3553670951484481,False,True,False,True,False,False,False
19,0.0,3.0,1.0,0.1762417823410681,1.0,0.0,0.013111140272615725,False,True,False,False,True,False,False
20,1.0,3.0,1.0,-0.058612577276632744,0.0,0.0,-0.7809594570597769,False,False,False,False,True,False,False
21,0.0,2.0,0.0,0.4893809284980025,0.0,0.0,0.602676316946318,False,True,False,True,False,False,False
22,1.0,2.0,0.0,0.4110961419587689,0.0,0.0,-0.3553670951484481,False,True,False,True,False,False,False
23,1.0,3.0,1.0,-1.0763148022866698,0.0,0.0,-0.721693417674653,True,False,True,False,False,False,False
24,1.0,1.0,0.0,-0.058612577276632744,0.0,0.0,1.3027849642463392,False,True,False,True,False,False,False
25,0.0,3.0,1.0,-1.624308308061305,3.0,1.0,0.23972525505656994,False,True,True,False,False,False,False
26,1.0,3.0,1.0,0.7242352881157034,1.0,5.0,0.9997116156125142,False,True,False,False,True,False,False
27,0.0,3.0,0.0,-0.058612577276632744,0.0,0.0,-0.7809594570597769,False,False,False,True,False,False,False
29,1.0,3.0,1.0,-0.058612577276632744,0.0,0.0,-0.7327477647372849,True,False,True,False,False,False,False
30,0.0,3.0,0.0,-0.058612577276632744,0.0,0.0,-0.7315244169956868,False,True,False,True,False,False,False
31,0.0,1.0,0.0,0.8808048611941706,0.0,0.0,0.7294917864488313,False,False,False,False,False,True,False
33,1.0,3.0,1.0,-0.058612577276632744,0.0,0.0,-0.7422692423405652,True,False,True,False,False,False,False
34,0.0,2.0,0.0,2.9162093112142444,0.0,0.0,-0.53960621285898,False,True,False,True,False,False,False
36,0.0,1.0,0.0,1.0373744342726379,1.0,0.0,2.51876314113585,False,True,False,True,False,False,False
37,1.0,3.0,0.0,-0.058612577276632744,0.0,0.0,-0.7806499353420233,False,False,False,True,False,False,False
38,0.0,3.0,0.0,-0.6066060830512681,0.0,0.0,-0.7201605482153013,False,True,False,True,False,False,False
39,0.0,3.0,1.0,-0.8414604426689688,2.0,0.0,0.013111140272615725,False,True,True,False,False,False,False
40,1.0,3.0,1.0,-1.1545995888259033,1.0,0.0,-0.48494615141661945,False,False,True,False,False,False,False
41,0.0,3.0,1.0,0.8808048611941706,1.0,0.0,-0.6151442511202981,False,True,False,False,True,False,False
42,0.0,2.0,1.0,-0.13689736381586634,1.0,0.0,0.23419808152525404,False,True,False,False,True,False,False
43,0.0,3.0,0.0,-0.058612577276632744,0.0,0.0,-0.7315244169956868,False,False,False,True,False,False,False
44,1.0,2.0,1.0,-2.015732240757473,1.0,2.0,1.7507955420006855,False,False,True,False,False,False,False
45,1.0,3.0,1.0,-0.7631756561297353,0.0,0.0,-0.7327477647372849,True,False,True,False,False,False,False
46,0.0,3.0,0.0,-0.058612577276632744,0.0,0.0,-0.7201605482153013,False,True,False,True,False,False,False
47,0.0,3.0,0.0,-0.058612577276632744,1.0,0.0,-0.17112797743791622,True,False,False,True,False,False,False
48,1.0,3.0,1.0,-0.058612577276632744,0.0,0.0,-0.7422692423405652,True,False,True,False,False,False,False
49,0.0,3.0,0.0,-0.058612577276632744,2.0,0.0,0.28425216502485146,False,False,False,True,False,False,False
50,0.0,3.0,1.0,-0.8414604426689688,1.0,0.0,-0.001627989144226776,False,True,False,False,True,False,False
51,0.0,3.0,0.0,-1.7025930946005385,4.0,1.0,1.6113854864114803,False,True,False,False,False,False,False
52,0.0,3.0,0.0,-0.6066060830512681,0.0,0.0,-0.7385844599863545,False,True,False,True,False,False,False
54,1.0,2.0,1.0,0.01967220926260087,1.0,0.0,0.602676316946318,False,True,False,False,True,False,False
55,0.0,1.0,0.0,2.8379245246750107,0.0,1.0,3.254186742518626,False,False,False,True,False,False,False
56,1.0,1.0,0.0,-0.058612577276632744,0.0,0.0,1.3027849642463392,False,True,False,True,False,False,False
57,1.0,2.0,1.0,-0.6066060830512681,0.0,0.0,-0.53960621285898,False,True,True,False,False,False,False
58,0.0,3.0,0.0,-0.019470184007015934,0.0,0.0,-0.7806499353420233,False,False,False,True,False,False,False
59,1.0,2.0,1.0,-1.8591626676790058,1.0,2.0,0.7316436993436902,False,True,True,False,False,False,False
60,0.0,3.0,0.0,-1.3894539484436041,5.0,2.0,2.142915341006365,False,True,False,False,False,False,False
61,0.0,3.0,0.0,-0.5283212965120344,0.0,0.0,-0.7806499353420233,False,False,False,True,False,False,False
64,0.0,3.0,0.0,-1.9374474542182394,3.0,2.0,0.7426980464063221,False,True,False,False,False,False,False
65,0.0,1.0,0.0,-0.058612577276632744,0.0,0.0,0.7294917864488313,False,False,False,True,False,False,False
66,1.0,3.0,0.0,-0.058612577276632744,1.0,1.0,-0.18986141092672315,False,False,False,False,False,False,False
67,1.0,2.0,1.0,0.01967220926260087,0.0,0.0,-0.53960621285898,False,True,False,False,True,False,False
68,0.0,3.0,0.0,-0.7631756561297353,0.0,0.0,-0.7121793096360811,False,True,False,True,False,False,False
69,1.0,3.0,1.0,-0.9197452292082025,4.0,2.0,-0.7293725041008279,False,True,True,False,False,False,False
70,0.0,3.0,0.0,-0.21518215035509997,2.0,0.0,-0.6750219643762211,False,True,False,True,False,False,False
71,0.0,2.0,0.0,0.25452656888030173,0.0,0.0,-0.53960621285898,False,True,False,True,False,False,False
72,0.0,3.0,1.0,-0.9980300157474361,5.0,2.0,2.142915341006365,False,True,True,False,False,False,False
74,0.0,3.0,0.0,-0.21518215035509997,1.0,0.0,-0.2481988851585859,False,False,False,True,False,False,False
75,1.0,3.0,0.0,0.25452656888030173,0.0,0.0,2.850084031297054,False,True,False,True,False,False,False
76,0.0,3.0,0.0,-0.29346693689433356,0.0,0.0,-0.7496388070489864,False,True,False,True,False,False,False
77,0.0,3.0,0.0,-0.058612577276632744,0.0,0.0,-0.7315244169956868,False,True,False,True,False,False,False
78,0.0,3.0,0.0,-0.058612577276632744,0.0,0.0,-0.7201605482153013,False,True,False,True,False,False,False
79,1.0,2.0,0.0,-2.18561022754761,0.0,2.0,0.8237632581989562,False,True,False,False,False,False,False
80,1.0,3.0,1.0,0.09795699580183448,0.0,0.0,-0.39405730986765986,False,True,True,False,False,False,False
81,0.0,3.0,0.0,-0.5283212965120344,0.0,0.0,-0.6501496834852992,False,True,False,True,False,False,False
82,1.0,3.0,0.0,0.01967220926260087,0.0,0.0,-0.6133018599431929,False,True,False,True,False,False,False
83,1.0,3.0,1.0,-0.058612577276632744,0.0,0.0,-0.7395056555749072,True,False,True,False,False,False,False
84,0.0,1.0,0.0,-0.058612577276632744,0.0,0.0,2.1576544704232075,False,True,False,True,False,False,False
85,1.0,2.0,1.0,-0.9197452292082025,0.0,0.0,-0.53960621285898,False,True,True,False,False,False,False
86,1.0,3.0,1.0,0.3328113554195353,3.0,0.0,-0.14533450095844175,False,True,False,False,True,False,False
87,0.0,3.0,0.0,-0.9980300157474361,1.0,3.0,1.2198773612765998,False,True,False,True,False,False,False
88,0.0,3.0,0.0,-0.058612577276632744,0.0,0.0,-0.7201605482153013,False,True,False,True,False,False,False
90,0.0,3.0,0.0,-0.37175172343356716,0.0,0.0,-0.7201605482153013,False,True,False,True,False,False,False
91,0.0,3.0,0.0,0.01967220926260087,0.0,0.0,-0.7201605482153013,False,True,False,True,False,False,False
92,0.0,3.0,0.0,-0.6848908695905016,0.0,0.0,-0.7345901559143904,False,True,False,True,False,False,False
93,0.0,1.0,0.0,1.3505135804295723,1.0,0.0,3.194920703133502,False,True,False,True,False,False,False
94,0.0,3.0,0.0,-0.21518215035509997,1.0,2.0,0.20287743151446355,False,True,False,True,False,False,False
95,0.0,3.0,0.0,2.3682158054396094,0.0,0.0,-0.7791170658826716,False,True,False,True,False,False,False
96,0.0,3.0,0.0,-0.058612577276632744,0.0,0.0,-0.7201605482153013,False,True,False,True,False,False,False
97,0.0,1.0,0.0,3.3076332439104124,0.0,0.0,1.2404531859425123,False,False,False,True,False,False,False
98,1.0,1.0,0.0,-0.4500365099728008,0.0,1.0,3.355820409412464,False,False,False,True,False,False,False
99,1.0,2.0,1.0,0.4110961419587689,0.0,1.0,0.38158937569367957,False,True,False,False,True,False,False
100,0.0,2.0,0.0,0.4110961419587689,1.0,0.0,0.602676316946318,False,True,False,True,False,False,False
101,0.0,3.0,1.0,-0.058612577276632744,0.0,0.0,-0.7315244169956868,False,True,True,False,False,False,False
102,0.0,3.0,0.0,-0.058612577276632744,0.0,0.0,-0.7315244169956868,False,True,False,True,False,False,False
104,0.0,3.0,0.0,0.3328113554195353,0.0,0.0,-0.67563363824702,False,True,False,True,False,False,False
105,0.0,3.0,0.0,0.6459505015764697,2.0,0.0,-0.7293725041008279,False,True,False,True,False,False,False
106,0.0,3.0,0.0,-0.058612577276632744,0.0,0.0,-0.7315244169956868,False,True,False,True,False,False,False
107,1.0,3.0,1.0,-0.6066060830512681,0.0,0.0,-0.7496388070489864,False,True,True,False,False,False,False
108,1.0,3.0,0.0,-0.058612577276632744,0.0,0.0,-0.7404268511634599,False,True,False,True,False,False,False
109,0.0,3.0,0.0,0.7242352881157034,0.0,0.0,-0.7315244169956868,False,True,False,True,False,False,False
110,1.0,3.0,1.0,-0.058612577276632744,1.0,0.0,0.46633936984052415,True,False,True,False,False,False,False
111,0.0,1.0,0.0,1.4287983669688058,0.0,0.0,2.51876314113585,False,True,False,True,False,False,False
112,0.0,3.0,1.0,-1.1154571955562864,1.0,0.0,-0.2481988851585859,False,False,True,False,False,False,False
113,0.0,3.0,0.0,-0.5283212965120344,0.0,0.0,-0.7201605482153013,False,True,False,True,False,False,False
114,0.0,3.0,1.0,-0.6848908695905016,1.0,0.0,-0.5893507746408237,False,True,True,False,False,False,False
115,0.0,3.0,1.0,-0.9197452292082025,0.0,0.0,-0.2478967330055407,False,False,True,False,False,False,False
116,0.0,3.0,0.0,-0.6066060830512681,0.0,0.0,-0.7293725041008279,False,True,False,True,False,False,False
117,0.0,3.0,0.0,3.268490850640796,0.0,0.0,-0.7422692423405652,True,False,False,True,False,False,False
118,0.0,2.0,0.0,0.01967220926260087,1.0,0.0,0.23419808152525404,False,True,False,True,False,False,False
120,0.0,3.0,1.0,-2.0940170272967067,4.0,2.0,0.9914208553155401,False,True,True,False,False,False,False
122,0.0,3.0,0.0,-0.058612577276632744,0.0,0.0,-0.7201605482153013,False,True,False,True,False,False,False
123,0.0,2.0,0.0,0.2936689621499185,1.0,0.0,0.9026765570967311,False,False,False,True,False,False,False
124,1.0,2.0,1.0,0.2936689621499185,0.0,0.0,-0.3553670951484481,False,True,True,False,False,False,False
126,1.0,3.0,0.0,-1.3111691619043706,1.0,0.0,-0.48494615141661945,False,False,False,False,False,False,False
127,0.0,3.0,0.0,-0.058612577276632744,0.0,0.0,-0.7422692423405652,True,False,False,True,False,False,False
128,1.0,3.0,0.0,-0.37175172343356716,0.0,0.0,-0.7870983044618918,False,True,False,True,False,False,False
129,1.0,3.0,1.0,-0.058612577276632744,1.0,1.0,0.33429887895974025,False,False,True,False,False,False,False
130,0.0,3.0,0.0,1.2722287938903387,0.0,0.0,-0.7993833688308302,False,True,False,True,False,False,False
131,0.0,3.0,0.0,0.3328113554195353,0.0,0.0,-0.7315244169956868,False,False,False,True,False,False,False
132,0.0,3.0,0.0,-0.6848908695905016,0.0,0.0,-0.7938561952995141,False,True,False,True,False,False,False
133,0.0,3.0,1.0,1.4287983669688058,1.0,0.0,-0.24482362452212897,False,True,False,False,True,False,False
134,1.0,2.0,1.0,0.01967220926260087,1.0,0.0,0.602676316946318,False,True,False,False,True,False,False
135,0.0,2.0,0.0,-0.29346693689433356,0.0,0.0,-0.3553670951484481,False,True,False,True,False,False,False
136,0.0,2.0,0.0,-0.4500365099728008,0.0,0.0,-0.20460054034356565,False,False,False,True,False,False,False
137,1.0,1.0,1.0,-0.7631756561297353,0.0,2.0,0.6235542937652754,False,True,True,False,False,False,False
138,0.0,1.0,0.0,0.6459505015764697,1.0,0.0,2.5998283529284842,False,True,False,True,False,False,False
139,0.0,3.0,0.0,-0.9980300157474361,0.0,0.0,-0.6341798367621504,False,True,False,True,False,False,False
141,0.0,3.0,1.0,-0.058612577276632744,0.0,2.0,-0.18986141092672315,False,False,False,False,True,False,False
142,1.0,3.0,1.0,-0.5283212965120344,0.0,0.0,-0.7422692423405652,False,True,True,False,False,False,False
143,1.0,3.0,1.0,-0.37175172343356716,1.0,0.0,-0.14533450095844175,False,True,False,False,True,False,False
144,0.0,3.0,0.0,-0.7631756561297353,0.0,0.0,-0.815964889424778,True,False,False,True,False,False,False
145,0.0,2.0,0.0,-0.8414604426689688,0.0,0.0,-0.4659105657747673,False,True,False,True,False,False,False
146,0.0,2.0,0.0,-0.7631756561297353,1.0,1.0,1.3949045231016053,False,True,False,True,False,False,False
147,1.0,3.0,0.0,-0.13689736381586634,0.0,0.0,-0.7388939817041082,False,True,False,True,False,False,False
148,0.0,3.0,1.0,-1.5460235215220715,2.0,2.0,1.2198773612765998,False,True,True,False,False,False,False
149,0.0,2.0,0.0,0.606808108306853,0.0,2.0,0.602676316946318,False,True,False,True,False,False,False
150,0.0,2.0,0.0,1.0373744342726379,0.0,0.0,-0.3553670951484481,False,True,False,False,False,True,False
151,0.0,2.0,0.0,1.7419375131257404,0.0,0.0,-0.3903725275134492,False,True,False,False,False,True,False
153,0.0,3.0,0.0,2.0942190525522917,0.0,0.0,-0.7201605482153013,False,True,False,True,False,False,False
154,0.0,3.0,0.0,0.9199472544637874,0.0,2.0,-0.24482362452212897,False,True,False,True,False,False,False
155,0.0,3.0,0.0,-0.058612577276632744,0.0,0.0,-0.7745110879399083,False,True,False,True,False,False,False
156,0.0,1.0,0.0,1.7419375131257404,0.0,1.0,3.209969354268098,False,False,False,True,False,False,False
157,1.0,3.0,1.0,-0.9980300157474361,0.0,0.0,-0.7434999596468715,True,False,True,False,False,False,False
158,0.0,3.0,0.0,0.09795699580183448,0.0,0.0,-0.7201605482153013,False,True,False,True,False,False,False
159,0.0,3.0,0.0,-0.058612577276632744,0.0,0.0,-0.6750219643762211,False,True,False,True,False,False,False
161,0.0,3.0,0.0,1.193944007351105,0.0,1.0,-0.12691058918738843,False,True,False,True,False,False,False
162,1.0,2.0,1.0,0.8808048611941706,0.0,0.0,-0.152704065666863,False,True,False,False,True,False,False
163,0.0,3.0,0.0,-0.21518215035509997,0.0,0.0,-0.7404268511634599,False,True,False,True,False,False,False
164,0.0,3.0,0.0,-0.9197452292082025,0.0,0.0,-0.6750219643762211,False,True,False,True,False,False,False
165,0.0,3.0,0.0,-2.1723018138359405,4.0,1.0,1.6113854864114803,False,True,False,False,False,False,False
166,1.0,3.0,0.0,-1.5460235215220715,0.0,2.0,0.19919264916025287,False,True,False,False,False,False,False
167,1.0,1.0,1.0,-0.058612577276632744,0.0,1.0,2.739850082388488,False,True,False,False,True,False,False
168,0.0,3.0,1.0,1.2722287938903387,1.0,4.0,0.7426980464063221,False,True,False,False,True,False,False
169,0.0,1.0,0.0,-0.058612577276632744,0.0,0.0,0.597149143415002,False,True,False,True,False,False,False
170,0.0,3.0,0.0,-0.058612577276632744,0.0,0.0,2.850084031297054,False,True,False,True,False,False,False
171,0.0,1.0,0.0,2.5247853785180765,0.0,0.0,1.1553936700779137,False,True,False,True,False,False,False
172,0.0,3.0,0.0,-1.9374474542182394,4.0,1.0,0.8329752140844828,True,False,False,False,False,False,False
173,1.0,3.0,1.0,-2.1723018138359405,1.0,1.0,-0.4929347595605481,False,True,True,False,False,False,False
174,0.0,3.0,0.0,-0.6066060830512681,0.0,0.0,-0.7293725041008279,False,True,False,True,False,False,False
175,0.0,1.0,0.0,2.1333614458219086,0.0,0.0,0.9487363365243642,False,False,False,True,False,False,False
176,0.0,3.0,0.0,-0.8414604426689688,1.0,1.0,-0.7345901559143904,False,True,False,True,False,False,False
177,0.0,3.0,0.0,-0.058612577276632744,3.0,1.0,0.5633744283563072,False,True,False,False,False,False,False
178,0.0,1.0,1.0,1.6636527265865066,0.0,0.0,0.8025757596622449,False,False,True,False,False,False,False
179,0.0,2.0,0.0,0.09795699580183448,0.0,0.0,-0.3553670951484481,False,True,False,True,False,False,False
180,0.0,3.0,0.0,0.5676657150372362,0.0,0.0,-1.313410507243214,False,True,False,True,False,False,False
182,0.0,2.0,0.0,-0.058612577276632744,0.0,0.0,-0.2042910186258119,False,False,False,True,False,False,False
183,0.0,3.0,0.0,-1.5460235215220715,4.0,2.0,0.9997116156125142,False,True,False,False,False,False,False
184,1.0,2.0,0.0,-2.1723018138359405,2.0,1.0,1.560719729041084,False,True,False,False,False,False,False
185,1.0,3.0,1.0,-1.9374474542182394,0.0,2.0,0.309736119786572,False,True,True,False,False,False,False
186,0.0,1.0,0.0,-0.058612577276632744,0.0,0.0,2.3713718469674245,False,True,False,True,False,False,False
187,1.0,3.0,1.0,-0.058612577276632744,1.0,0.0,-0.17112797743791622,True,False,False,False,True,False,False
188,1.0,1.0,0.0,1.2722287938903387,0.0,0.0,0.643208922842635,False,True,False,True,False,False,False
189,0.0,3.0,0.0,0.8808048611941706,1.0,1.0,-0.17112797743791622,True,False,False,True,False,False,False
190,0.0,3.0,0.0,0.5676657150372362,0.0,0.0,-0.7315244169956868,False,True,False,True,False,False,False
191,1.0,2.0,1.0,0.25452656888030173,0.0,0.0,-0.3553670951484481,False,True,False,False,True,False,False
192,0.0,2.0,0.0,-0.7631756561297353,0.0,0.0,-0.3553670951484481,False,True,False,True,False,False,False
193,1.0,3.0,1.0,-0.7631756561297353,1.0,0.0,-0.7345901559143904,False,True,True,False,False,False,False
194,1.0,2.0,0.0,-2.015732240757473,1.0,1.0,0.602676316946318,False,True,False,False,False,False,False
195,1.0,1.0,1.0,1.193944007351105,0.0,0.0,0.7294917864488313,False,False,False,False,True,False,False
197,0.0,3.0,0.0,-0.058612577276632744,0.0,0.0,-0.7422692423405652,True,False,False,True,False,False,False
198,0.0,3.0,0.0,1.0373744342726379,0.0,1.0,-0.6940575500180732,False,True,False,True,False,False,False
199,1.0,3.0,1.0,-0.058612577276632744,0.0,0.0,-0.7422692423405652,True,False,True,False,False,False,False
200,0.0,2.0,1.0,-0.37175172343356716,0.0,0.0,-0.3553670951484481,False,True,True,False,False,False,False
201,0.0,3.0,0.0,-0.058612577276632744,0.0,0.0,-0.6133018599431929,False,True,False,True,False,False,False
203,0.0,3.0,0.0,0.4110961419587689,0.0,0.0,-0.8346983229135849,False,True,False,True,False,False,False
204,0.0,3.0,0.0,1.3113711871599554,0.0,0.0,-0.7809594570597769,False,False,False,True,False,False,False
205,1.0,3.0,0.0,-0.8414604426689688,0.0,0.0,-0.7201605482153013,False,True,False,True,False,False,False
206,0.0,3.0,1.0,-2.0940170272967067,0.0,1.0,-0.542369799624638,False,True,True,False,False,False,False
207,0.0,3.0,0.0,0.25452656888030173,1.0,0.0,-0.14533450095844175,False,True,False,True,False,False,False
208,1.0,3.0,0.0,-0.21518215035509997,0.0,0.0,0.07114646235143339,False,False,False,True,False,False,False
209,1.0,3.0,1.0,-0.9980300157474361,0.0,0.0,-0.7422692423405652,True,False,True,False,False,False,False
210,1.0,1.0,0.0,0.8808048611941706,0.0,0.0,0.9711545523673818,False,False,False,True,False,False,False
211,0.0,3.0,0.0,-0.37175172343356716,0.0,0.0,-0.7938561952995141,False,True,False,True,False,False,False
212,1.0,2.0,1.0,0.4893809284980025,0.0,0.0,0.23419808152525404,False,True,True,False,False,False,False
213,0.0,3.0,0.0,-0.5283212965120344,0.0,0.0,-0.7791170658826716,False,True,False,True,False,False,False
214,0.0,2.0,0.0,0.09795699580183448,0.0,0.0,-0.3553670951484481,False,True,False,True,False,False,False
215,0.0,3.0,0.0,-0.058612577276632744,1.0,0.0,-0.7422692423405652,True,False,False,True,False,False,False
217,1.0,3.0,1.0,-0.13689736381586634,0.0,0.0,-0.7293725041008279,False,True,True,False,False,False,False
218,0.0,2.0,0.0,1.0373744342726379,1.0,0.0,0.6763719640305307,False,True,False,True,False,False,False
220,0.0,2.0,0.0,0.09795699580183448,0.0,0.0,-0.53960621285898,False,True,False,True,False,False,False
221,1.0,3.0,0.0,-0.9980300157474361,0.0,0.0,-0.7201605482153013,False,True,False,True,False,False,False
222,0.0,2.0,0.0,-0.13689736381586634,0.0,0.0,-0.3553670951484481,False,True,False,True,False,False,False
223,0.0,3.0,0.0,1.7419375131257404,0.0,0.0,-0.7201605482153013,False,True,False,True,False,False,False
224,0.0,3.0,0.0,-0.058612577276632744,0.0,0.0,-0.7315244169956868,False,True,False,True,False,False,False
226,0.0,3.0,0.0,-0.5283212965120344,0.0,0.0,-0.6243562070058247,False,True,False,True,False,False,False
227,1.0,2.0,0.0,-0.7631756561297353,0.0,0.0,-0.53960621285898,False,True,False,True,False,False,False
228,0.0,3.0,0.0,-0.6457484763208848,0.0,0.0,-0.7791170658826716,False,True,False,True,False,False,False
229,0.0,2.0,0.0,-0.8414604426689688,0.0,0.0,-0.3553670951484481,False,True,False,True,False,False,False
230,0.0,3.0,1.0,-0.058612577276632744,3.0,1.0,0.5633744283563072,False,True,True,False,False,False,False
232,0.0,3.0,0.0,0.01967220926260087,0.0,0.0,-0.7404268511634599,False,True,False,True,False,False,False
233,0.0,2.0,0.0,2.3682158054396094,0.0,0.0,-0.31851927160634175,False,True,False,True,False,False,False
234,1.0,3.0,1.0,-1.8591626676790058,4.0,2.0,0.9997116156125142,False,True,True,False,False,False,False
235,0.0,2.0,0.0,-0.37175172343356716,0.0,0.0,-0.53960621285898,False,True,False,True,False,False,False
236,0.0,3.0,1.0,-0.058612577276632744,0.0,0.0,-0.7570083717574076,False,True,True,False,False,False,False
237,0.0,2.0,0.0,1.193944007351105,1.0,0.0,0.602676316946318,False,True,False,True,False,False,False
238,1.0,2.0,1.0,-1.624308308061305,0.0,2.0,0.6211002287173711,False,True,True,False,False,False,False
239,0.0,2.0,0.0,-0.7631756561297353,0.0,0.0,-0.53960621285898,False,True,False,True,False,False,False
240,0.0,2.0,0.0,0.3328113554195353,0.0,0.0,-0.4087964392845024,False,True,False,True,False,False,False
241,0.0,3.0,1.0,-0.058612577276632744,1.0,0.0,-0.2481988851585859,False,False,True,False,False,False,False
242,1.0,3.0,1.0,-0.058612577276632744,1.0,0.0,-0.17112797743791622,True,False,True,False,False,False,False
243,0.0,2.0,0.0,0.01967220926260087,0.0,0.0,-0.53960621285898,False,True,False,True,False,False,False
244,0.0,3.0,0.0,-0.5283212965120344,0.0,0.0,-0.7883290217681982,False,True,False,True,False,False,False
245,0.0,3.0,0.0,0.09795699580183448,0.0,0.0,-0.7809594570597769,False,False,False,True,False,False,False
247,0.0,3.0,1.0,-0.29346693689433356,0.0,0.0,-0.7404268511634599,False,True,True,False,False,False,False
248,1.0,2.0,1.0,-0.37175172343356716,0.0,2.0,-0.24482362452212897,False,True,False,False,True,False,False
249,1.0,1.0,0.0,0.6459505015764697,1.0,1.0,2.559605268749921,False,True,False,True,False,False,False
250,0.0,2.0,0.0,1.976791872743441,1.0,0.0,0.602676316946318,False,True,False,False,False,True,False
251,0.0,3.0,0.0,-0.058612577276632744,0.0,0.0,-0.7791170658826716,False,True,False,True,False,False,False
252,0.0,3.0,1.0,0.01967220926260087,1.0,1.0,-0.542369799624638,False,True,False,False,True,False,False
253,0.0,1.0,0.0,2.60307016505731,0.0,0.0,0.643208922842635,False,True,False,True,False,False,False
254,0.0,3.0,0.0,0.09795699580183448,1.0,0.0,-0.12691058918738843,False,True,False,True,False,False,False
255,0.0,3.0,1.0,0.9590896477334042,0.0,2.0,0.1761627594464364,False,True,False,False,True,False,False
256,1.0,3.0,1.0,0.01967220926260087,0.0,2.0,-0.18986141092672315,False,False,False,False,True,False,False
260,1.0,2.0,1.0,1.6636527265865066,0.0,1.0,0.602676316946318,False,True,False,False,True,False,False
261,0.0,3.0,0.0,-0.058612577276632744,0.0,0.0,-0.7422692423405652,True,False,False,True,False,False,False
262,1.0,3.0,0.0,-2.015732240757473,4.0,2.0,0.9997116156125142,False,True,False,False,False,False,False
264,0.0,1.0,0.0,0.8808048611941706,0.0,0.0,-1.313410507243214,False,True,False,True,False,False,False
265,0.0,3.0,1.0,-0.058612577276632744,0.0,0.0,-0.7422692423405652,True,False,True,False,False,False,False
266,0.0,2.0,0.0,0.5676657150372362,0.0,0.0,-0.53960621285898,False,True,False,True,False,False,False
267,0.0,3.0,0.0,-0.9980300157474361,4.0,1.0,1.6113854864114803,False,True,False,True,False,False,False
268,1.0,3.0,0.0,-0.29346693689433356,1.0,0.0,-0.7404268511634599,False,True,False,True,False,False,False
271,0.0,1.0,0.0,-0.058612577276632744,0.0,0.0,0.9711545523673818,False,True,False,True,False,False,False
272,1.0,3.0,0.0,-0.29346693689433356,0.0,0.0,-1.313410507243214,False,True,False,True,False,False,False
273,1.0,2.0,1.0,0.9590896477334042,0.0,1.0,0.12365461089893488,False,True,False,False,True,False,False
274,0.0,1.0,0.0,0.6459505015764697,0.0,1.0,0.8753502111579051,False,False,False,True,False,False,False
275,1.0,3.0,1.0,-0.058612577276632744,0.0,0.0,-0.7422692423405652,True,False,True,False,False,False,False
277,0.0,3.0,1.0,1.2722287938903387,0.0,0.0,-0.7422692423405652,False,True,True,False,False,False,False
278,0.0,2.0,0.0,-0.058612577276632744,0.0,0.0,-1.313410507243214,False,True,False,True,False,False,False
279,0.0,3.0,0.0,-1.7025930946005385,4.0,1.0,0.8329752140844828,True,False,False,False,False,False,False
280,1.0,3.0,1.0,0.4893809284980025,1.0,1.0,0.17892634621209447,False,True,False,False,True,False,False
281,0.0,3.0,0.0,2.8379245246750107,0.0,0.0,-0.7422692423405652,True,False,False,True,False,False,False
282,0.0,3.0,0.0,-0.058612577276632744,0.0,0.0,-0.7345901559143904,False,True,False,True,False,False,False
283,0.0,3.0,0.0,-0.9980300157474361,0.0,0.0,-0.6133018599431929,False,True,False,True,False,False,False
284,1.0,3.0,0.0,-0.7631756561297353,0.0,0.0,-0.7201605482153013,False,True,False,True,False,False,False
285,0.0,1.0,0.0,-0.058612577276632744,0.0,0.0,0.602676316946318,False,True,False,True,False,False,False
286,0.0,3.0,0.0,0.3328113554195353,0.0,0.0,-0.6750219643762211,False,False,False,True,False,False,False
287,1.0,3.0,0.0,0.09795699580183448,0.0,0.0,-0.6133018599431929,False,True,False,True,False,False,False
288,0.0,3.0,0.0,-0.5283212965120344,0.0,0.0,-0.7315244169956868,False,True,False,True,False,False,False
289,1.0,2.0,0.0,1.0373744342726379,0.0,0.0,-0.3553670951484481,False,True,False,True,False,False,False
290,1.0,3.0,1.0,-0.5283212965120344,0.0,0.0,-0.7422692423405652,True,False,True,False,False,False,False
293,0.0,2.0,0.0,0.5676657150372362,0.0,0.0,-0.36457905103397475,False,False,False,True,False,False,False
294,0.0,3.0,1.0,-0.37175172343356716,0.0,0.0,-0.6612040305479312,False,True,True,False,False,False,False
295,0.0,3.0,0.0,-0.37175172343356716,0.0,0.0,-0.7315244169956868,False,True,False,True,False,False,False
296,0.0,1.0,0.0,-0.058612577276632744,0.0,0.0,0.7294917864488313,False,False,False,True,False,False,False
297,0.0,3.0,0.0,-0.410894116703184,0.0,0.0,-0.7806499353420233,False,False,False,True,False,False,False
299,1.0,1.0,0.0,-0.058612577276632744,0.0,0.0,0.9343067288252753,False,True,False,True,False,False,False
301,1.0,3.0,1.0,-0.058612577276632744,0.0,0.0,-0.7422692423405652,True,False,True,False,False,False,False
302,1.0,3.0,0.0,-0.058612577276632744,2.0,0.0,0.4000132874647328,True,False,False,True,False,False,False
303,0.0,3.0,0.0,-0.7631756561297353,0.0,0.0,-1.313410507243214,False,True,False,True,False,False,False
304,1.0,2.0,1.0,-0.058612577276632744,0.0,0.0,-0.40326926575318645,True,False,True,False,False,False,False
305,0.0,3.0,0.0,-0.058612577276632744,0.0,0.0,-0.7201605482153013,False,True,False,True,False,False,False
309,0.0,2.0,0.0,0.09795699580183448,1.0,0.0,0.45528502277789235,False,False,False,True,False,False,False
310,1.0,1.0,1.0,0.09795699580183448,0.0,0.0,2.882023724743352,False,False,True,False,False,False,False
313,0.0,2.0,1.0,-0.21518215035509997,1.0,1.0,0.602676316946318,False,True,False,False,True,False,False
314,0.0,3.0,0.0,-0.058612577276632744,0.0,0.0,-0.7315244169956868,False,True,False,True,False,False,False
315,0.0,2.0,0.0,1.1156592208118714,1.0,1.0,0.6211002287173711,False,True,False,True,False,False,False
316,1.0,3.0,1.0,-0.21518215035509997,0.0,0.0,-0.7345901559143904,False,True,True,False,False,False,False
317,1.0,2.0,1.0,-0.37175172343356716,1.0,0.0,0.602676316946318,False,True,False,False,True,False,False
318,0.0,2.0,0.0,1.976791872743441,0.0,0.0,-0.2816714480642354,False,True,False,False,False,True,False
321,0.0,3.0,0.0,-0.5283212965120344,0.0,0.0,-0.7791170658826716,False,True,False,True,False,False,False
322,0.0,3.0,0.0,-0.13689736381586634,0.0,0.0,-0.7315244169956868,False,True,False,True,False,False,False
323,1.0,2.0,1.0,0.09795699580183448,0.0,0.0,-0.40326926575318645,True,False,True,False,False,False,False
324,1.0,2.0,1.0,-0.5283212965120344,1.0,1.0,0.8237632581989562,False,True,False,False,True,False,False
327,0.0,3.0,0.0,2.5247853785180765,0.0,0.0,-0.853733908555437,False,True,False,True,False,False,False
328,1.0,2.0,1.0,0.5676657150372362,0.0,0.0,-0.3553670951484481,False,True,False,False,True,False,False
329,1.0,3.0,1.0,0.1762417823410681,1.0,1.0,0.19919264916025287,False,True,False,False,True,False,False
330,1.0,1.0,1.0,-0.9980300157474361,0.0,1.0,2.959404154181775,False,False,True,False,False,False,False
331,1.0,3.0,1.0,-0.058612577276632744,2.0,0.0,0.4000132874647328,True,False,True,False,False,False,False
332,0.0,1.0,0.0,1.3113711871599554,0.0,0.0,0.7869154346568499,False,True,False,True,False,False,False
334,0.0,3.0,0.0,-0.9980300157474361,2.0,0.0,0.013111140272615725,False,True,False,True,False,False,False
336,0.0,3.0,0.0,-0.058612577276632744,0.0,0.0,-0.7315244169956868,False,True,False,True,False,False,False
339,1.0,3.0,0.0,1.2722287938903387,0.0,0.0,-0.7201605482153013,False,True,False,True,False,False,False
340,0.0,1.0,0.0,1.2722287938903387,0.0,0.0,1.3027849642463392,False,True,False,True,False,False,False
341,1.0,2.0,0.0,-2.0940170272967067,1.0,1.0,0.602676316946318,False,True,False,False,False,False,False
343,0.0,2.0,0.0,-0.058612577276632744,0.0,0.0,-0.3553670951484481,False,True,False,True,False,False,False
344,0.0,2.0,0.0,-0.29346693689433356,0.0,0.0,-0.3553670951484481,False,True,False,True,False,False,False
345,0.0,2.0,0.0,0.5676657150372362,0.0,0.0,-0.3553670951484481,False,True,False,True,False,False,False
346,1.0,2.0,1.0,-0.37175172343356716,0.0,0.0,-0.3553670951484481,False,True,True,False,False,False,False
347,1.0,2.0,1.0,0.8808048611941706,0.0,0.0,-0.3553670951484481,False,True,True,False,False,False,False
348,1.0,3.0,1.0,-0.058612577276632744,1.0,0.0,-0.12691058918738843,False,True,False,False,True,False,False
349,1.0,3.0,0.0,-2.015732240757473,1.0,1.0,-0.14164971860423106,False,True,False,False,False,False,False
350,0.0,3.0,0.0,1.0373744342726379,0.0,0.0,-0.6750219643762211,False,True,False,True,False,False,False
351,0.0,3.0,0.0,-0.4500365099728008,0.0,0.0,-0.6335681628913514,False,True,False,True,False,False,False
352,0.0,1.0,0.0,-0.058612577276632744,0.0,0.0,1.2659371407042328,False,True,False,True,False,False,False
353,0.0,3.0,0.0,-1.0763148022866698,1.0,1.0,-0.7806499353420233,False,False,False,True,False,False,False
354,0.0,3.0,0.0,-0.29346693689433356,1.0,0.0,-0.001627989144226776,False,True,False,True,False,False,False
355,0.0,3.0,0.0,-0.058612577276632744,0.0,0.0,-0.7809594570597769,False,False,False,True,False,False,False
356,0.0,3.0,0.0,-0.058612577276632744,0.0,0.0,-0.6133018599431929,False,True,False,True,False,False,False
357,1.0,1.0,1.0,-0.5283212965120344,0.0,1.0,2.739850082388488,False,True,True,False,False,False,False
358,0.0,2.0,1.0,0.7242352881157034,0.0,0.0,-0.3553670951484481,False,True,True,False,False,False,False
359,1.0,3.0,1.0,-0.058612577276632744,0.0,0.0,-0.7327477647372849,True,False,True,False,False,False,False
360,1.0,3.0,1.0,-0.058612577276632744,0.0,0.0,-0.7327477647372849,True,False,True,False,False,False,False
361,0.0,3.0,0.0,0.8808048611941706,1.0,4.0,0.7426980464063221,False,True,False,True,False,False,False
362,0.0,2.0,0.0,0.01967220926260087,1.0,0.0,0.7294917864488313,False,False,False,True,False,False,False
363,0.0,3.0,1.0,1.2722287938903387,0.0,1.0,-0.2481988851585859,False,False,False,False,True,False,False
364,0.0,3.0,0.0,0.4893809284980025,0.0,0.0,-0.7938561952995141,False,True,False,True,False,False,False
365,0.0,3.0,0.0,-0.058612577276632744,1.0,0.0,-0.17112797743791622,True,False,False,True,False,False,False
366,0.0,3.0,0.0,0.09795699580183448,0.0,0.0,-0.7791170658826716,False,True,False,True,False,False,False
368,1.0,3.0,1.0,-0.058612577276632744,0.0,0.0,-0.7806499353420233,False,False,False,False,True,False,False
369,1.0,3.0,1.0,-0.058612577276632744,0.0,0.0,-0.7422692423405652,True,False,True,False,False,False,False
371,1.0,1.0,0.0,-0.29346693689433356,1.0,0.0,2.7724014497055847,False,False,False,True,False,False,False
372,0.0,3.0,0.0,-0.8414604426689688,1.0,0.0,-0.8346983229135849,False,True,False,True,False,False,False
373,0.0,3.0,0.0,-0.7631756561297353,0.0,0.0,-0.7201605482153013,False,True,False,True,False,False,False
375,0.0,3.0,1.0,-2.015732240757473,3.0,1.0,0.23972525505656994,False,True,True,False,False,False,False
377,1.0,3.0,1.0,-0.5283212965120344,0.0,0.0,-0.7791170658826716,False,True,True,False,False,False,False
379,0.0,3.0,0.0,-0.6848908695905016,0.0,0.0,-1.0177067233178105,False,False,False,True,False,False,False
380,0.0,3.0,0.0,-0.7631756561297353,0.0,0.0,-0.7404268511634599,False,True,False,True,False,False,False
382,1.0,3.0,1.0,-2.1723018138359405,0.0,2.0,-0.153315739537662,False,False,True,False,False,False,False
383,0.0,3.0,0.0,0.25452656888030173,0.0,0.0,-0.7293725041008279,False,True,False,True,False,False,False
384,1.0,1.0,1.0,0.4893809284980025,1.0,0.0,2.51876314113585,False,True,False,False,True,False,False
385,0.0,3.0,0.0,-0.058612577276632744,0.0,0.0,-0.7315244169956868,False,True,False,True,False,False,False
387,0.0,3.0,0.0,-2.1723018138359405,5.0,2.0,2.142915341006365,False,True,False,False,False,False,False
388,1.0,2.0,1.0,0.5676657150372362,0.0,0.0,-0.3553670951484481,False,True,True,False,False,False,False
389,0.0,3.0,0.0,-0.058612577276632744,0.0,0.0,-0.743802111799917,True,False,False,True,False,False,False
390,1.0,2.0,1.0,-0.9197452292082025,0.0,0.0,-0.4290627422326609,False,False,True,False,False,False,False
392,1.0,3.0,0.0,-0.6066060830512681,0.0,0.0,-0.7388939817041082,False,True,False,True,False,False,False
393,0.0,3.0,0.0,-0.058612577276632744,2.0,0.0,-0.7293725041008279,False,True,False,True,False,False,False
395,1.0,3.0,1.0,-0.37175172343356716,0.0,2.0,-0.08269320093686093,False,True,False,False,True,False,False
396,0.0,3.0,0.0,-0.5283212965120344,0.0,0.0,-0.7388939817041082,False,True,False,True,False,False,False
397,0.0,3.0,1.0,0.1762417823410681,0.0,0.0,-0.7345901559143904,False,True,True,False,False,False,False
398,0.0,2.0,0.0,1.3505135804295723,0.0,0.0,0.602676316946318,False,True,False,True,False,False,False
399,0.0,2.0,0.0,-0.4500365099728008,0.0,0.0,-0.53960621285898,False,True,False,False,False,True,False
400,1.0,2.0,1.0,-0.058612577276632744,0.0,0.0,-0.38116057162792255,False,True,False,False,True,False,False
401,1.0,3.0,0.0,0.802520074654937,0.0,0.0,-0.7293725041008279,False,True,False,True,False,False,False
402,0.0,3.0,0.0,-0.21518215035509997,0.0,0.0,-0.7201605482153013,False,True,False,True,False,False,False
403,0.0,3.0,1.0,-0.6066060830512681,1.0,0.0,-0.5893507746408237,False,True,True,False,False,False,False
404,0.0,3.0,0.0,-0.058612577276632744,1.0,0.0,-0.14533450095844175,False,True,False,True,False,False,False
405,0.0,3.0,1.0,-0.6848908695905016,0.0,0.0,-0.6750219643762211,False,True,True,False,False,False,False
406,0.0,2.0,0.0,0.4110961419587689,1.0,0.0,0.23419808152525404,False,True,False,True,False,False,False
407,0.0,3.0,0.0,1.7419375131257404,0.0,0.0,-0.7422692423405652,False,True,False,True,False,False,False
408,1.0,2.0,0.0,-2.015732240757473,1.0,1.0,0.0683828755857753,False,True,False,False,False,False,False
409,0.0,3.0,0.0,-0.6066060830512681,0.0,0.0,-0.7404268511634599,False,True,False,True,False,False,False
410,0.0,3.0,1.0,-0.058612577276632744,3.0,1.0,0.5633744283563072,False,True,True,False,False,False,False
411,0.0,3.0,0.0,-0.058612577276632744,0.0,0.0,-0.7315244169956868,False,True,False,True,False,False,False
412,0.0,3.0,0.0,-0.058612577276632744,0.0,0.0,-0.8079836508455577,True,False,False,True,False,False,False
414,0.0,2.0,0.0,-0.058612577276632744,0.0,0.0,-1.313410507243214,False,True,False,True,False,False,False
415,1.0,3.0,0.0,1.193944007351105,0.0,0.0,-0.7293725041008279,False,True,False,True,False,False,False
416,0.0,3.0,1.0,-0.058612577276632744,0.0,0.0,-0.7201605482153013,False,True,False,False,True,False,False
417,1.0,2.0,1.0,0.4110961419587689,1.0,1.0,1.081698022993701,False,True,False,False,True,False,False
418,1.0,2.0,1.0,-0.8414604426689688,0.0,2.0,-0.3553670951484481,False,True,True,False,False,False,False
419,0.0,2.0,0.0,0.09795699580183448,0.0,0.0,-0.3553670951484481,False,True,False,True,False,False,False
420,0.0,3.0,1.0,-1.4677387349828377,0.0,2.0,0.46633936984052415,False,True,True,False,False,False,False
421,0.0,3.0,0.0,-0.058612577276632744,0.0,0.0,-0.7315244169956868,False,False,False,True,False,False,False
422,0.0,3.0,0.0,-0.6066060830512681,0.0,0.0,-0.7434999596468715,True,False,False,True,False,False,False
423,0.0,3.0,0.0,0.01967220926260087,0.0,0.0,-0.7330572864550385,False,True,False,True,False,False,False
424,0.0,3.0,1.0,-0.058612577276632744,1.0,1.0,-0.25219318923055023,False,True,False,False,True,False,False
425,0.0,3.0,0.0,-0.8414604426689688,1.0,1.0,0.1761627594464364,False,True,False,True,False,False,False
426,0.0,3.0,0.0,-0.058612577276632744,0.0,0.0,-0.7791170658826716,False,True,False,True,False,False,False
427,1.0,2.0,1.0,-0.058612577276632744,1.0,0.0,0.602676316946318,False,True,False,False,True,False,False
428,1.0,2.0,1.0,-0.7631756561297353,0.0,0.0,0.602676316946318,False,True,True,False,False,False,False
429,0.0,3.0,0.0,-0.058612577276632744,0.0,0.0,-0.7422692423405652,True,False,False,True,False,False,False
430,1.0,3.0,0.0,0.25452656888030173,0.0,0.0,-0.7201605482153013,False,True,False,True,False,False,False
431,1.0,1.0,0.0,-0.058612577276632744,0.0,0.0,0.643208922842635,False,True,False,True,False,False,False
432,1.0,3.0,1.0,-0.058612577276632744,1.0,0.0,-0.12691058918738843,False,True,False,False,True,False,False
433,1.0,2.0,1.0,1.0373744342726379,1.0,0.0,0.602676316946318,False,True,False,False,True,False,False
434,0.0,3.0,0.0,-0.9197452292082025,0.0,0.0,-0.7883290217681982,False,True,False,True,False,False,False
435,0.0,1.0,0.0,1.6636527265865066,1.0,0.0,2.80617616476428,False,True,False,True,False,False,False
437,0.0,3.0,1.0,-0.6066060830512681,2.0,2.0,1.2198773612765998,False,True,True,False,False,False,False
438,1.0,2.0,1.0,-0.37175172343356716,2.0,3.0,0.0683828755857753,False,True,False,False,True,False,False
440,0.0,2.0,0.0,0.1762417823410681,0.0,0.0,-0.53960621285898,False,True,False,True,False,False,False
441,1.0,2.0,1.0,1.2722287938903387,1.0,1.0,0.6211002287173711,False,True,False,False,True,False,False
442,0.0,3.0,0.0,-0.6848908695905016,0.0,0.0,-0.6133018599431929,False,True,False,True,False,False,False
443,0.0,3.0,0.0,-0.29346693689433356,1.0,0.0,-0.7404268511634599,False,True,False,True,False,False,False
444,1.0,2.0,1.0,-0.058612577276632744,0.0,0.0,-0.3553670951484481,False,True,True,False,False,False,False
445,1.0,3.0,0.0,-0.058612577276632744,0.0,0.0,-0.715554570272538,False,True,False,True,False,False,False
447,1.0,2.0,1.0,-1.2328843753651368,0.0,1.0,0.12365461089893488,False,True,True,False,False,False,False
448,1.0,1.0,0.0,0.4110961419587689,0.0,0.0,0.643208922842635,False,True,False,True,False,False,False
449,1.0,3.0,1.0,-1.8591626676790058,2.0,1.0,0.10584237299868055,False,False,True,False,False,False,False
450,1.0,1.0,0.0,1.820222299664974,0.0,0.0,0.9343067288252753,False,True,False,False,False,True,False
451,0.0,2.0,0.0,0.5676657150372362,1.0,2.0,0.7316436993436902,False,True,False,True,False,False,False
452,0.0,3.0,0.0,-0.058612577276632744,1.0,0.0,0.15804836939313693,False,True,False,True,False,False,False
453,0.0,1.0,0.0,0.09795699580183448,0.0,0.0,0.7316436993436902,False,False,False,True,False,False,False
455,0.0,3.0,0.0,-0.058612577276632744,0.0,0.0,-0.7201605482153013,False,True,False,True,False,False,False
456,1.0,3.0,0.0,0.01967220926260087,0.0,0.0,-0.7315244169956868,False,False,False,True,False,False,False
457,0.0,1.0,0.0,2.8379245246750107,0.0,0.0,0.643208922842635,False,True,False,True,False,False,False
458,1.0,1.0,1.0,-0.058612577276632744,1.0,0.0,2.5086299896617703,False,True,False,False,True,False,False
459,1.0,2.0,1.0,1.6636527265865066,0.0,0.0,-0.53960621285898,False,True,True,False,False,False,False
460,0.0,3.0,0.0,-0.058612577276632744,0.0,0.0,-0.7422692423405652,True,False,False,True,False,False,False
461,1.0,1.0,0.0,1.5070831535080396,0.0,0.0,0.643208922842635,False,True,False,True,False,False,False
462,0.0,3.0,0.0,0.4110961419587689,0.0,0.0,-0.7201605482153013,False,True,False,True,False,False,False
463,0.0,1.0,0.0,1.4287983669688058,0.0,0.0,1.5238719054989776,False,True,False,True,False,False,False
464,0.0,2.0,0.0,1.5070831535080396,0.0,0.0,-0.3553670951484481,False,True,False,True,False,False,False
465,0.0,3.0,0.0,-0.058612577276632744,0.0,0.0,-0.7201605482153013,False,True,False,True,False,False,False
466,0.0,3.0,0.0,0.7242352881157034,0.0,0.0,-0.7938561952995141,False,True,False,True,False,False,False
467,0.0,2.0,0.0,-0.058612577276632744,0.0,0.0,-1.313410507243214,False,True,False,True,False,False,False
468,0.0,1.0,0.0,2.1333614458219086,0.0,0.0,0.643208922842635,False,True,False,True,False,False,False
469,0.0,3.0,0.0,-0.058612577276632744,0.0,0.0,-0.7441116335176705,True,False,False,True,False,False,False
470,1.0,3.0,1.0,-2.1918730104707485,2.0,1.0,0.10584237299868055,False,False,True,False,False,False,False
471,0.0,3.0,0.0,-0.058612577276632744,0.0,0.0,-0.7791170658826716,False,True,False,True,False,False,False
472,0.0,3.0,0.0,0.7242352881157034,0.0,0.0,-0.6750219643762211,False,True,False,True,False,False,False
473,1.0,2.0,1.0,0.3328113554195353,1.0,2.0,0.7316436993436902,False,True,False,False,True,False,False
474,1.0,2.0,1.0,-0.4500365099728008,0.0,0.0,-0.2970222513518768,False,False,False,False,True,False,False
475,0.0,3.0,1.0,-0.5283212965120344,0.0,0.0,-0.588429579052271,False,True,True,False,False,False,False
476,0.0,1.0,0.0,-0.058612577276632744,0.0,0.0,2.51876314113585,False,True,False,True,False,False,False
477,0.0,2.0,0.0,0.4110961419587689,1.0,0.0,0.23419808152525404,False,True,False,True,False,False,False
478,0.0,3.0,0.0,0.01967220926260087,1.0,0.0,-0.7941657170172678,False,True,False,True,False,False,False
479,0.0,3.0,0.0,-0.5283212965120344,0.0,0.0,-0.7591602846522667,False,True,False,True,False,False,False
480,1.0,3.0,1.0,-2.0940170272967067,0.0,1.0,-0.40787524369594974,False,True,True,False,False,False,False
481,0.0,3.0,0.0,-1.5460235215220715,5.0,2.0,2.142915341006365,False,True,False,False,False,False,False
482,0.0,2.0,0.0,-0.058612577276632744,0.0,0.0,-1.313410507243214,False,True,False,True,False,False,False
483,0.0,3.0,0.0,1.6636527265865066,0.0,0.0,-0.7201605482153013,False,True,False,True,False,False,False
484,1.0,3.0,1.0,2.6813549515965436,0.0,0.0,-0.6068534908233242,False,True,False,False,True,False,False
486,0.0,3.0,1.0,-0.058612577276632744,3.0,1.0,0.5633744283563072,False,True,True,False,False,False,False
488,0.0,1.0,0.0,2.2899310189003756,0.0,0.0,0.8753502111579051,False,False,False,True,False,False,False
489,0.0,3.0,0.0,0.09795699580183448,0.0,0.0,-0.7201605482153013,False,True,False,True,False,False,False
490,1.0,3.0,0.0,-1.5460235215220715,1.0,1.0,-0.14164971860423106,False,True,False,False,False,False,False
491,0.0,3.0,0.0,-0.058612577276632744,1.0,0.0,0.15804836939313693,False,True,False,True,False,False,False
492,0.0,3.0,0.0,-0.6066060830512681,0.0,0.0,-0.7791170658826716,False,True,False,True,False,False,False
493,0.0,1.0,0.0,2.055076659282675,0.0,0.0,0.9343067288252753,False,True,False,True,False,False,False
494,0.0,1.0,0.0,3.3076332439104124,0.0,0.0,2.3348335451430717,False,False,False,True,False,False,False
495,0.0,3.0,0.0,-0.6066060830512681,0.0,0.0,-0.7201605482153013,False,True,False,True,False,False,False
496,0.0,3.0,0.0,-0.058612577276632744,0.0,0.0,-0.2478967330055407,False,False,False,True,False,False,False
498,0.0,3.0,0.0,-0.058612577276632744,0.0,0.0,-0.20060623627160135,False,True,False,True,False,False,False
500,0.0,3.0,0.0,-0.37175172343356716,0.0,0.0,-0.7388939817041082,False,True,False,True,False,False,False
501,0.0,3.0,0.0,-0.9197452292082025,0.0,0.0,-0.6750219643762211,False,True,False,True,False,False,False
502,0.0,3.0,1.0,-0.6066060830512681,0.0,0.0,-0.7422692423405652,True,False,True,False,False,False,False
503,0.0,3.0,1.0,-0.058612577276632744,0.0,0.0,-0.751171676508338,True,False,True,False,False,False,False
504,0.0,3.0,1.0,0.6459505015764697,0.0,0.0,-0.6068534908233242,False,True,True,False,False,False,False
507,1.0,2.0,1.0,0.3328113554195353,0.0,2.0,0.602676316946318,False,True,False,False,True,False,False
508,1.0,1.0,0.0,-0.058612577276632744,0.0,0.0,0.643208922842635,False,True,False,True,False,False,False
509,0.0,3.0,0.0,-0.058612577276632744,0.0,0.0,0.3465839433286784,False,True,False,True,False,False,False
510,1.0,3.0,0.0,-0.21518215035509997,0.0,0.0,2.850084031297054,False,True,False,True,False,False,False
511,1.0,3.0,0.0,0.01967220926260087,0.0,0.0,-0.7422692423405652,True,False,False,True,False,False,False
512,0.0,3.0,0.0,-0.058612577276632744,0.0,0.0,-0.7201605482153013,False,True,False,True,False,False,False
513,1.0,1.0,0.0,0.5676657150372362,0.0,0.0,0.6238638154830292,False,True,False,True,False,False,False
514,1.0,1.0,1.0,1.976791872743441,1.0,0.0,3.0641109295590243,False,False,False,False,True,False,False
515,0.0,3.0,0.0,-0.37175172343356716,0.0,0.0,-0.7610026758293721,False,True,False,True,False,False,False
516,0.0,1.0,0.0,1.4287983669688058,0.0,0.0,1.1937743630793718,False,True,False,True,False,False,False
517,1.0,2.0,1.0,0.4110961419587689,0.0,0.0,-0.53960621285898,False,True,False,False,True,False,False
518,0.0,3.0,0.0,-0.058612577276632744,0.0,0.0,0.46633936984052415,True,False,False,True,False,False,False
519,1.0,2.0,1.0,0.5676657150372362,1.0,0.0,0.602676316946318,False,True,False,False,True,False,False
520,0.0,3.0,0.0,0.25452656888030173,0.0,0.0,-0.7315244169956868,False,True,False,True,False,False,False
522,0.0,3.0,0.0,-0.5283212965120344,0.0,0.0,-0.7315244169956868,False,True,False,True,False,False,False
523,0.0,3.0,0.0,-0.058612577276632744,0.0,0.0,-0.7809594570597769,False,False,False,True,False,False,False
524,1.0,1.0,1.0,1.193944007351105,0.0,1.0,2.959404154181775,False,False,False,False,True,False,False
525,0.0,3.0,0.0,-0.058612577276632744,0.0,0.0,-0.7806499353420233,False,False,False,True,False,False,False
526,0.0,3.0,0.0,0.9199472544637874,0.0,0.0,-0.7422692423405652,True,False,False,True,False,False,False
527,1.0,2.0,1.0,1.6636527265865066,0.0,0.0,-0.53960621285898,False,True,True,False,False,False,False
529,0.0,3.0,0.0,0.802520074654937,0.0,0.0,-0.7293725041008279,False,True,False,True,False,False,False
530,0.0,2.0,0.0,-0.4500365099728008,2.0,1.0,-0.4659105657747673,False,True,False,True,False,False,False
531,1.0,2.0,1.0,-2.0940170272967067,1.0,1.0,0.602676316946318,False,True,True,False,False,False,False
532,0.0,3.0,0.0,-0.058612577276632744,0.0,0.0,-0.7806499353420233,False,False,False,True,False,False,False
533,0.0,3.0,0.0,-0.9197452292082025,1.0,1.0,-0.7806499353420233,False,False,False,True,False,False,False
534,1.0,3.0,1.0,-0.058612577276632744,0.0,2.0,0.33429887895974025,False,False,False,False,True,False,False
535,0.0,3.0,1.0,0.09795699580183448,0.0,0.0,-0.6750219643762211,False,True,True,False,False,False,False
536,1.0,2.0,1.0,-1.7025930946005385,0.0,2.0,0.6211002287173711,False,True,True,False,False,False,False
537,0.0,1.0,0.0,1.2722287938903387,0.0,0.0,0.643208922842635,False,True,False,False,False,True,False
539,0.0,3.0,0.0,-0.058612577276632744,0.0,0.0,-0.24482362452212897,False,True,False,True,False,False,False
540,1.0,1.0,1.0,-0.5283212965120344,0.0,2.0,2.334524023425318,False,False,True,False,False,False,False
542,0.0,3.0,1.0,-1.5460235215220715,4.0,2.0,0.9914208553155401,False,True,True,False,False,False,False
543,0.0,3.0,1.0,-1.3894539484436041,4.0,2.0,0.9914208553155401,False,True,True,False,False,False,False
544,1.0,2.0,0.0,0.25452656888030173,1.0,0.0,0.602676316946318,False,True,False,True,False,False,False
546,0.0,1.0,0.0,2.7596397381357773,0.0,0.0,0.602676316946318,False,True,False,True,False,False,False
547,1.0,2.0,1.0,-0.7631756561297353,1.0,0.0,0.602676316946318,False,True,False,False,True,False,False
548,1.0,2.0,0.0,-0.058612577276632744,0.0,0.0,-0.29180459953831456,False,False,False,True,False,False,False
549,0.0,3.0,0.0,0.3328113554195353,1.0,1.0,0.19919264916025287,False,True,False,True,False,False,False
550,1.0,2.0,0.0,-1.624308308061305,1.0,1.0,1.3949045231016053,False,True,False,False,False,False,False
552,0.0,2.0,0.0,-0.13689736381586634,0.0,0.0,0.602676316946318,False,True,False,True,False,False,False
553,0.0,3.0,0.0,-0.058612577276632744,0.0,0.0,-0.7364325470914955,True,False,False,True,False,False,False
554,1.0,3.0,0.0,-0.5283212965120344,0.0,0.0,-0.7809594570597769,False,False,False,True,False,False,False
555,1.0,3.0,1.0,-0.5283212965120344,0.0,0.0,-0.7404268511634599,False,True,True,False,False,False,False
556,0.0,1.0,0.0,2.60307016505731,0.0,0.0,0.643208922842635,False,True,False,True,False,False,False
557,1.0,1.0,1.0,1.5070831535080396,1.0,0.0,1.6049371172916118,False,False,False,False,False,True,False
560,1.0,3.0,1.0,0.5676657150372362,1.0,0.0,-0.031106247977912043,False,True,False,False,True,False,False
561,0.0,3.0,0.0,-0.058612577276632744,0.0,0.0,-0.7422692423405652,True,False,False,True,False,False,False
562,0.0,3.0,0.0,0.8808048611941706,0.0,0.0,-0.7315244169956868,False,True,False,True,False,False,False
563,0.0,2.0,0.0,-0.058612577276632744,0.0,0.0,-0.31851927160634175,False,True,False,True,False,False,False
564,0.0,3.0,0.0,-0.058612577276632744,0.0,0.0,-0.7201605482153013,False,True,False,True,False,False,False
565,0.0,3.0,1.0,-0.058612577276632744,0.0,0.0,-0.7201605482153013,False,True,True,False,False,False,False
566,0.0,3.0,0.0,-0.37175172343356716,2.0,0.0,0.46633936984052415,False,True,False,True,False,False,False
567,0.0,3.0,0.0,-0.7631756561297353,0.0,0.0,-0.7315244169956868,False,True,False,True,False,False,False
568,0.0,3.0,1.0,0.01967220926260087,0.0,4.0,0.23972525505656994,False,True,False,False,True,False,False
569,0.0,3.0,0.0,-0.058612577276632744,0.0,0.0,-0.7806499353420233,False,False,False,True,False,False,False
570,1.0,3.0,0.0,0.25452656888030173,0.0,0.0,-0.7345901559143904,False,True,False,True,False,False,False
571,1.0,2.0,0.0,2.60307016505731,0.0,0.0,-0.53960621285898,False,True,False,True,False,False,False
572,1.0,1.0,1.0,1.8985070862042075,2.0,0.0,2.480382448134392,False,True,False,False,True,False,False
573,1.0,1.0,0.0,0.5676657150372362,0.0,0.0,0.6312333801914503,False,True,False,True,False,False,False
574,1.0,3.0,1.0,-0.058612577276632744,0.0,0.0,-0.7422692423405652,True,False,True,False,False,False,False
575,0.0,3.0,0.0,-0.9980300157474361,0.0,0.0,-0.7201605482153013,False,True,False,True,False,False,False
576,0.0,3.0,0.0,-0.7631756561297353,0.0,0.0,-0.24482362452212897,False,True,False,True,False,False,False
577,1.0,2.0,1.0,0.4110961419587689,0.0,0.0,-0.3553670951484481,False,True,True,False,False,False,False
578,1.0,1.0,1.0,0.802520074654937,1.0,0.0,2.80617616476428,False,True,False,False,True,False,False
579,0.0,3.0,1.0,-0.058612577276632744,1.0,0.0,-0.2478967330055407,False,False,False,False,True,False,False
580,1.0,3.0,0.0,0.25452656888030173,0.0,0.0,-0.7293725041008279,False,True,False,True,False,False,False
581,1.0,2.0,1.0,-0.29346693689433356,1.0,1.0,0.897458905283169,False,True,True,False,False,False,False
583,0.0,2.0,0.0,1.976791872743441,0.0,0.0,0.602676316946318,False,True,False,True,False,False,False
584,0.0,1.0,0.0,0.5676657150372362,0.0,0.0,1.6436273320108232,False,False,False,True,False,False,False
585,0.0,3.0,0.0,-0.058612577276632744,0.0,0.0,-0.6713371820220103,False,False,False,True,False,False,False
587,0.0,2.0,0.0,1.4287983669688058,0.0,0.0,-0.20797580098002258,False,True,False,True,False,False,False
589,0.0,3.0,0.0,-0.5283212965120344,0.0,0.0,-0.7201605482153013,False,True,False,True,False,False,False
590,0.0,3.0,0.0,-0.058612577276632744,0.0,0.0,-0.7201605482153013,False,True,False,True,False,False,False
591,0.0,3.0,0.0,0.4893809284980025,0.0,0.0,-0.7883290217681982,False,True,False,True,False,False,False
593,0.0,3.0,0.0,1.4287983669688058,0.0,0.0,-0.7791170658826716,False,True,False,True,False,False,False
594,0.0,3.0,1.0,-0.058612577276632744,0.0,2.0,-0.7422692423405652,True,False,True,False,False,False,False
595,0.0,2.0,0.0,0.6459505015764697,1.0,0.0,0.602676316946318,False,True,False,True,False,False,False
596,0.0,3.0,0.0,0.5676657150372362,1.0,1.0,0.46633936984052415,False,True,False,True,False,False,False
597,1.0,2.0,1.0,-0.058612577276632744,0.0,0.0,1.1185458465358074,False,True,True,False,False,False,False
598,0.0,3.0,0.0,1.585367940047273,0.0,0.0,-1.313410507243214,False,True,False,True,False,False,False
599,0.0,3.0,0.0,-0.058612577276632744,0.0,0.0,-0.7809594570597769,False,False,False,True,False,False,False
600,1.0,1.0,0.0,1.585367940047273,1.0,0.0,2.882023724743352,False,False,False,False,False,True,False
601,1.0,2.0,1.0,-0.37175172343356716,2.0,1.0,0.6763719640305307,False,True,False,False,True,False,False
602,0.0,3.0,0.0,-0.058612577276632744,0.0,0.0,-0.7315244169956868,False,True,False,True,False,False,False
603,0.0,1.0,0.0,-0.058612577276632744,0.0,0.0,1.8112849291274074,False,True,False,True,False,False,False
604,0.0,3.0,0.0,1.193944007351105,0.0,0.0,-0.7201605482153013,False,True,False,True,False,False,False
605,1.0,1.0,0.0,0.4893809284980025,0.0,0.0,0.643208922842635,False,False,False,True,False,False,False
606,0.0,3.0,0.0,0.5676657150372362,1.0,0.0,-0.1674431950837055,False,True,False,True,False,False,False
607,0.0,3.0,0.0,0.09795699580183448,0.0,0.0,-0.7315244169956868,False,True,False,True,False,False,False
608,1.0,1.0,0.0,-0.13689736381586634,0.0,0.0,0.9343067288252753,False,True,False,True,False,False,False
609,1.0,2.0,1.0,-0.5283212965120344,1.0,2.0,1.7507955420006855,False,False,False,False,True,False,False
611,0.0,3.0,1.0,0.802520074654937,1.0,5.0,0.9914208553155401,False,True,False,False,True,False,False
612,0.0,3.0,0.0,-0.058612577276632744,0.0,0.0,-0.7938561952995141,False,True,False,True,False,False,False
613,1.0,3.0,1.0,-0.058612577276632744,1.0,0.0,-0.17112797743791622,True,False,True,False,False,False,False
614,0.0,3.0,0.0,-0.058612577276632744,0.0,0.0,-0.7422692423405652,True,False,False,True,False,False,False
615,0.0,3.0,0.0,0.4893809284980025,0.0,0.0,-0.7201605482153013,False,True,False,True,False,False,False
616,1.0,2.0,1.0,-0.37175172343356716,1.0,2.0,3.476806553230616,False,True,True,False,False,False,False
617,0.0,3.0,0.0,0.4110961419587689,1.0,1.0,-0.25219318923055023,False,True,False,True,False,False,False
618,0.0,3.0,1.0,-0.21518215035509997,1.0,0.0,-0.12691058918738843,False,True,False,False,True,False,False
619,1.0,2.0,1.0,-1.9374474542182394,2.0,1.0,1.560719729041084,False,True,True,False,False,False,False
620,0.0,2.0,0.0,-0.21518215035509997,0.0,0.0,-0.53960621285898,False,True,False,True,False,False,False
621,0.0,3.0,0.0,-0.13689736381586634,1.0,0.0,-0.2481988851585859,False,False,False,True,False,False,False
622,1.0,1.0,0.0,1.0373744342726379,1.0,0.0,2.559605268749921,False,True,False,True,False,False,False
623,1.0,3.0,0.0,-0.6848908695905016,1.0,1.0,-0.153315739537662,False,False,False,True,False,False,False
624,0.0,3.0,0.0,-0.6066060830512681,0.0,0.0,-0.7345901559143904,False,True,False,True,False,False,False
625,0.0,3.0,0.0,-0.6066060830512681,0.0,0.0,-0.12691058918738843,False,True,False,True,False,False,False
626,0.0,1.0,0.0,2.5247853785180765,0.0,0.0,1.0684917630362099,False,True,False,True,False,False,False
627,0.0,2.0,0.0,2.211646232361142,0.0,0.0,-0.40326926575318645,True,False,False,False,False,True,False
629,0.0,3.0,0.0,-0.21518215035509997,0.0,0.0,-0.7315244169956868,False,True,False,True,False,False,False
630,0.0,3.0,0.0,-0.058612577276632744,0.0,0.0,-0.7434999596468715,True,False,False,True,False,False,False
631,1.0,1.0,0.0,4.012196322763515,0.0,0.0,0.897458905283169,False,True,False,True,False,False,False
632,0.0,3.0,0.0,1.7419375131257404,0.0,0.0,-0.7935466735817605,False,True,False,True,False,False,False
633,1.0,1.0,0.0,0.25452656888030173,0.0,0.0,0.9343067288252753,False,False,False,False,False,True,False
634,0.0,1.0,0.0,-0.058612577276632744,0.0,0.0,-1.313410507243214,False,True,False,True,False,False,False
635,0.0,3.0,1.0,-1.5460235215220715,3.0,2.0,0.7426980464063221,False,True,True,False,False,False,False
636,1.0,2.0,1.0,-0.058612577276632744,0.0,0.0,-0.3553670951484481,False,True,True,False,False,False,False
637,0.0,3.0,0.0,0.25452656888030173,0.0,0.0,-0.7293725041008279,False,True,False,True,False,False,False
638,0.0,2.0,0.0,0.1762417823410681,1.0,1.0,0.6211002287173711,False,True,False,True,False,False,False
639,0.0,3.0,1.0,0.9590896477334042,0.0,5.0,1.6113854864114803,False,True,False,False,True,False,False
640,0.0,3.0,0.0,-0.058612577276632744,1.0,0.0,-0.12691058918738843,False,True,False,True,False,False,False
641,0.0,3.0,0.0,-0.6848908695905016,0.0,0.0,-0.7345901559143904,False,True,False,True,False,False,False
643,0.0,3.0,1.0,-2.0940170272967067,3.0,2.0,0.7426980464063221,False,True,True,False,False,False,False
644,1.0,3.0,0.0,-0.058612577276632744,0.0,0.0,2.850084031297054,False,True,False,True,False,False,False
645,1.0,3.0,1.0,-2.1918730104707485,2.0,1.0,0.10584237299868055,False,False,True,False,False,False,False
647,0.0,3.0,0.0,-0.7631756561297353,0.0,0.0,-0.7315244169956868,False,True,False,True,False,False,False
648,1.0,1.0,0.0,2.1333614458219086,0.0,0.0,1.3027849642463392,False,False,False,False,False,True,False
649,0.0,3.0,0.0,-0.058612577276632744,0.0,0.0,-0.7570083717574076,False,True,False,True,False,False,False
650,1.0,3.0,1.0,-0.4500365099728008,0.0,0.0,-0.7570083717574076,False,True,True,False,False,False,False
651,0.0,3.0,0.0,-0.058612577276632744,0.0,0.0,-0.7315244169956868,False,True,False,True,False,False,False
652,1.0,2.0,1.0,-0.8414604426689688,0.0,1.0,0.38158937569367957,False,True,True,False,False,False,False
653,0.0,3.0,0.0,-0.6066060830512681,0.0,0.0,-0.6919130066879227,False,True,False,True,False,False,False
654,1.0,3.0,1.0,-0.058612577276632744,0.0,0.0,-0.7364325470914955,True,False,True,False,False,False,False
655,0.0,3.0,1.0,-0.8414604426689688,0.0,0.0,-0.815964889424778,True,False,True,False,False,False,False
657,0.0,3.0,0.0,-0.058612577276632744,0.0,0.0,-0.7315244169956868,False,True,False,True,False,False,False
658,0.0,3.0,1.0,0.25452656888030173,1.0,1.0,-0.17112797743791622,True,False,False,False,True,False,False
659,0.0,2.0,0.0,-0.4500365099728008,0.0,0.0,-0.3553670951484481,False,True,False,True,False,False,False
662,0.0,3.0,0.0,0.8808048611941706,0.0,0.0,-0.7809594570597769,False,False,False,True,False,False,False
663,0.0,1.0,0.0,1.4287983669688058,0.0,0.0,0.57227686252408,False,True,False,True,False,False,False
664,0.0,3.0,0.0,0.5676657150372362,0.0,0.0,-0.7610026758293721,False,True,False,True,False,False,False
665,1.0,3.0,0.0,-0.6848908695905016,1.0,0.0,-0.7293725041008279,False,True,False,True,False,False,False
667,0.0,2.0,0.0,-0.29346693689433356,0.0,0.0,-0.3553670951484481,False,True,False,True,False,False,False
668,0.0,3.0,0.0,-0.058612577276632744,0.0,0.0,-0.7404268511634599,False,True,False,True,False,False,False
669,0.0,3.0,0.0,1.1156592208118714,0.0,0.0,-0.7201605482153013,False,True,False,True,False,False,False
670,1.0,1.0,1.0,-0.058612577276632744,1.0,0.0,2.51876314113585,False,True,False,False,True,False,False
671,1.0,2.0,1.0,0.8808048611941706,1.0,1.0,1.560719729041084,False,True,False,False,True,False,False
672,0.0,1.0,0.0,0.1762417823410681,1.0,0.0,2.51876314113585,False,True,False,True,False,False,False
673,0.0,2.0,0.0,3.229348457371179,0.0,0.0,-0.53960621285898,False,True,False,True,False,False,False
674,1.0,2.0,0.0,0.1762417823410681,0.0,0.0,-0.3553670951484481,False,True,False,True,False,False,False
675,0.0,2.0,0.0,-0.058612577276632744,0.0,0.0,-1.313410507243214,False,True,False,True,False,False,False
676,0.0,3.0,0.0,-0.8414604426689688,0.0,0.0,-0.7404268511634599,False,True,False,True,False,False,False
677,0.0,3.0,0.0,-0.3326093301639504,0.0,0.0,-0.7201605482153013,False,True,False,True,False,False,False
678,1.0,3.0,1.0,-0.8414604426689688,0.0,0.0,-0.5881200573345173,False,True,True,False,False,False,False
679,0.0,3.0,1.0,1.1156592208118714,1.0,6.0,2.142915341006365,False,True,False,False,True,False,False
681,0.0,3.0,1.0,-0.058612577276632744,0.0,0.0,-0.7137121790954328,True,False,True,False,False,False,False
683,0.0,3.0,0.0,-0.6848908695905016,0.0,0.0,-0.6335681628913514,False,True,False,True,False,False,False
684,0.0,3.0,0.0,-1.1545995888259033,5.0,2.0,2.142915341006365,False,True,False,True,False,False,False
685,0.0,2.0,0.0,2.4465005919788427,1.0,1.0,1.560719729041084,False,True,False,True,False,False,False
686,0.0,2.0,0.0,-0.29346693689433356,1.0,2.0,1.7507955420006855,False,False,False,True,False,False,False
687,0.0,3.0,0.0,-1.1545995888259033,4.0,1.0,1.6113854864114803,False,True,False,True,False,False,False
688,0.0,3.0,0.0,-0.7631756561297353,0.0,0.0,-0.5638668198791029,False,True,False,True,False,False,False
689,0.0,3.0,0.0,-0.8414604426689688,0.0,0.0,-0.7388939817041082,False,True,False,True,False,False,False
691,1.0,1.0,0.0,0.1762417823410681,1.0,0.0,2.887241376556914,False,True,False,True,False,False,False
692,1.0,3.0,1.0,-1.9374474542182394,0.0,1.0,-0.32465811900845665,False,False,True,False,False,False,False
693,1.0,3.0,0.0,-0.058612577276632744,0.0,0.0,2.850084031297054,False,True,False,True,False,False,False
694,0.0,3.0,0.0,-0.29346693689433356,0.0,0.0,-0.7809594570597769,False,False,False,True,False,False,False
695,0.0,1.0,0.0,2.4465005919788427,0.0,0.0,0.643208922842635,False,True,False,False,False,True,False
696,0.0,2.0,0.0,1.820222299664974,0.0,0.0,-0.31851927160634175,False,True,False,True,False,False,False
697,0.0,3.0,0.0,1.193944007351105,0.0,0.0,-0.7201605482153013,False,True,False,True,False,False,False
698,1.0,3.0,1.0,-0.058612577276632744,0.0,0.0,-0.7434999596468715,True,False,True,False,False,False,False
700,0.0,3.0,0.0,1.0373744342726379,0.0,0.0,-0.7496388070489864,False,True,False,True,False,False,False
702,1.0,1.0,0.0,0.4893809284980025,0.0,0.0,0.6238638154830292,False,True,False,True,False,False,False
703,0.0,3.0,1.0,-0.8414604426689688,0.0,1.0,-0.2481988851585859,False,False,True,False,False,False,False
704,0.0,3.0,0.0,-0.29346693689433356,0.0,0.0,-0.7428809162113642,True,False,False,True,False,False,False
705,0.0,3.0,0.0,-0.21518215035509997,1.0,0.0,-0.7345901559143904,False,True,False,True,False,False,False
706,0.0,2.0,0.0,0.802520074654937,0.0,0.0,0.602676316946318,False,True,False,True,False,False,False
707,1.0,2.0,1.0,1.2722287938903387,0.0,0.0,-0.31851927160634175,False,True,False,False,True,False,False
708,1.0,1.0,0.0,1.0373744342726379,0.0,0.0,0.6238638154830292,False,True,False,True,False,False,False
710,1.0,3.0,0.0,-0.058612577276632744,1.0,1.0,-0.18986141092672315,False,False,False,False,False,False,False
711,1.0,1.0,1.0,-0.37175172343356716,0.0,0.0,2.3348335451430717,False,False,True,False,False,False,False
712,0.0,1.0,0.0,-0.058612577276632744,0.0,0.0,0.643208922842635,False,True,False,True,False,False,False
713,1.0,1.0,0.0,1.5070831535080396,1.0,0.0,2.51876314113585,False,True,False,True,False,False,False
714,0.0,3.0,0.0,0.01967220926260087,0.0,0.0,-0.6145325772494992,False,True,False,True,False,False,False
715,0.0,2.0,0.0,1.820222299664974,0.0,0.0,-0.3553670951484481,False,True,False,True,False,False,False
716,0.0,3.0,0.0,-0.7631756561297353,0.0,0.0,-0.7496388070489864,False,True,False,True,False,False,False
718,1.0,2.0,1.0,-0.13689736381586634,0.0,0.0,-0.53960621285898,False,True,True,False,False,False,False
719,0.0,3.0,0.0,-0.058612577276632744,0.0,0.0,-0.17112797743791622,True,False,False,True,False,False,False
720,0.0,3.0,0.0,0.3328113554195353,0.0,0.0,-0.7404268511634599,False,True,False,True,False,False,False
721,1.0,2.0,1.0,-1.780877881139772,0.0,1.0,1.1185458465358074,False,True,True,False,False,False,False
722,0.0,3.0,0.0,-0.9197452292082025,1.0,0.0,-0.7935466735817605,False,True,False,True,False,False,False
723,0.0,2.0,0.0,0.4110961419587689,0.0,0.0,-0.3553670951484481,False,True,False,True,False,False,False
724,0.0,2.0,0.0,1.6636527265865066,0.0,0.0,-0.3553670951484481,False,True,False,True,False,False,False
725,1.0,1.0,0.0,-0.13689736381586634,1.0,0.0,2.5998283529284842,False,True,False,True,False,False,False
726,0.0,3.0,0.0,-0.6848908695905016,0.0,0.0,-0.6750219643762211,False,True,False,True,False,False,False
727,1.0,2.0,1.0,0.09795699580183448,3.0,0.0,0.23419808152525404,False,True,False,False,True,False,False
728,1.0,3.0,1.0,-0.058612577276632744,0.0,0.0,-0.7431904379291178,True,False,True,False,False,False,False
729,0.0,2.0,0.0,-0.29346693689433356,1.0,0.0,0.602676316946318,False,True,False,True,False,False,False
730,0.0,3.0,1.0,-0.29346693689433356,1.0,0.0,-0.7293725041008279,False,True,True,False,False,False,False
732,0.0,3.0,0.0,-1.3894539484436041,0.0,0.0,0.07114646235143339,False,False,False,True,False,False,False
733,0.0,2.0,0.0,-0.058612577276632744,0.0,0.0,-1.313410507243214,False,True,False,True,False,False,False
734,0.0,2.0,0.0,-0.4500365099728008,0.0,0.0,-0.3553670951484481,False,True,False,True,False,False,False
735,0.0,2.0,0.0,-0.4500365099728008,0.0,0.0,-0.3553670951484481,False,True,False,True,False,False,False
736,0.0,3.0,0.0,-0.019470184007015934,0.0,0.0,-0.12691058918738843,False,True,False,True,False,False,False
737,0.0,3.0,1.0,1.5070831535080396,1.0,3.0,1.2198773612765998,False,True,False,False,True,False,False
739,0.0,3.0,0.0,-0.058612577276632744,0.0,0.0,-0.7315244169956868,False,True,False,True,False,False,False
740,0.0,3.0,0.0,-0.058612577276632744,0.0,0.0,-0.7315244169956868,False,True,False,True,False,False,False
741,1.0,1.0,0.0,-0.058612577276632744,0.0,0.0,0.897458905283169,False,True,False,True,False,False,False
744,0.0,3.0,0.0,-0.37175172343356716,1.0,0.0,-0.12691058918738843,False,True,False,True,False,False,False
745,1.0,3.0,0.0,0.1762417823410681,0.0,0.0,-0.7293725041008279,False,True,False,True,False,False,False
747,0.0,3.0,0.0,-0.9980300157474361,1.0,1.0,0.17892634621209447,False,True,False,True,False,False,False
748,1.0,2.0,1.0,0.09795699580183448,0.0,0.0,-0.3553670951484481,False,True,True,False,False,False,False
749,0.0,1.0,0.0,-0.7631756561297353,1.0,0.0,2.5998283529284842,False,True,False,True,False,False,False
750,0.0,3.0,0.0,0.1762417823410681,0.0,0.0,-0.7422692423405652,True,False,False,True,False,False,False
751,1.0,2.0,1.0,-1.9374474542182394,1.0,1.0,0.38158937569367957,False,True,True,False,False,False,False
752,1.0,3.0,0.0,-1.780877881139772,0.0,1.0,-0.39405730986765986,False,True,False,False,False,False,False
753,0.0,3.0,0.0,0.3328113554195353,0.0,0.0,-0.6133018599431929,False,True,False,True,False,False,False
754,0.0,3.0,0.0,-0.4500365099728008,0.0,0.0,-0.7315244169956868,False,True,False,True,False,False,False
755,1.0,2.0,1.0,1.5070831535080396,1.0,2.0,3.476806553230616,False,True,False,False,True,False,False
756,1.0,2.0,0.0,-2.198135793393887,1.0,1.0,-0.24482362452212897,False,True,False,False,False,False,False
757,0.0,3.0,0.0,-0.058612577276632744,0.0,0.0,-0.7388939817041082,False,True,False,True,False,False,False
758,0.0,2.0,0.0,-0.8414604426689688,0.0,0.0,-0.4659105657747673,False,True,False,True,False,False,False
759,0.0,3.0,0.0,0.4110961419587689,0.0,0.0,-0.7201605482153013,False,True,False,True,False,False,False
761,0.0,3.0,0.0,-0.058612577276632744,0.0,0.0,-0.24482362452212897,False,True,False,True,False,False,False
762,0.0,3.0,0.0,0.9590896477334042,0.0,0.0,-0.7883290217681982,False,True,False,True,False,False,False
763,1.0,3.0,0.0,-0.6848908695905016,0.0,0.0,-0.7806499353420233,False,False,False,True,False,False,False
765,0.0,3.0,0.0,-0.9980300157474361,0.0,0.0,-0.7404268511634599,False,True,False,True,False,False,False
767,0.0,1.0,0.0,-0.058612577276632744,0.0,0.0,1.6049371172916118,False,False,False,False,False,True,False
768,0.0,3.0,1.0,0.13709938907145128,0.0,0.0,-0.7422692423405652,True,False,True,False,False,False,False
769,0.0,3.0,0.0,-0.058612577276632744,1.0,0.0,0.46633936984052415,True,False,False,True,False,False,False
770,0.0,3.0,0.0,0.25452656888030173,0.0,0.0,-0.6971306585014848,False,True,False,True,False,False,False
771,0.0,3.0,0.0,-0.37175172343356716,0.0,0.0,-0.6133018599431929,False,True,False,True,False,False,False
772,0.0,3.0,0.0,1.5070831535080396,0.0,0.0,-0.7345901559143904,False,True,False,True,False,False,False
773,0.0,2.0,1.0,2.211646232361142,0.0,0.0,-0.53960621285898,False,True,False,False,True,False,False
774,0.0,3.0,0.0,-0.058612577276632744,0.0,0.0,-0.7809594570597769,False,False,False,True,False,False,False
775,1.0,2.0,1.0,1.976791872743441,1.0,3.0,0.38158937569367957,False,True,False,False,True,False,False
776,0.0,3.0,0.0,-0.8414604426689688,0.0,0.0,-0.7422692423405652,False,True,False,True,False,False,False
777,0.0,3.0,0.0,-0.058612577276632744,0.0,0.0,-0.7422692423405652,True,False,False,True,False,False,False
778,1.0,3.0,1.0,-1.8591626676790058,0.0,0.0,-0.39405730986765986,False,True,True,False,False,False,False
779,0.0,3.0,0.0,-0.058612577276632744,0.0,0.0,-0.7431904379291178,True,False,False,True,False,False,False
781,1.0,3.0,1.0,-1.2328843753651368,0.0,0.0,-0.7806499353420233,False,False,True,False,False,False,False
782,1.0,1.0,1.0,-0.9197452292082025,1.0,0.0,2.887241376556914,False,True,False,False,True,False,False
783,0.0,1.0,0.0,0.01967220926260087,0.0,0.0,0.897458905283169,False,True,False,True,False,False,False
784,0.0,3.0,0.0,-0.058612577276632744,1.0,2.0,0.41475241688157527,False,True,False,True,False,False,False
785,0.0,3.0,0.0,-0.29346693689433356,0.0,0.0,-0.7938561952995141,False,True,False,True,False,False,False
786,0.0,3.0,0.0,-0.29346693689433356,0.0,0.0,-0.7791170658826716,False,True,False,True,False,False,False
787,1.0,3.0,1.0,-0.8414604426689688,0.0,0.0,-0.7610026758293721,False,True,True,False,False,False,False
788,0.0,3.0,0.0,-1.624308308061305,4.0,1.0,0.8329752140844828,True,False,False,False,False,False,False
789,1.0,3.0,0.0,-2.1723018138359405,1.0,2.0,0.20287743151446355,False,True,False,False,False,False,False
791,0.0,3.0,0.0,-0.058612577276632744,0.0,0.0,-0.7422692423405652,True,False,False,True,False,False,False
792,0.0,2.0,0.0,-0.9980300157474361,0.0,0.0,0.602676316946318,False,True,False,True,False,False,False
794,0.0,1.0,0.0,-0.058612577276632744,0.0,0.0,0.9487363365243642,False,False,False,True,False,False,False
795,0.0,3.0,0.0,-0.29346693689433356,0.0,0.0,-0.7315244169956868,False,True,False,True,False,False,False
796,0.0,2.0,0.0,0.802520074654937,0.0,0.0,-0.3553670951484481,False,True,False,True,False,False,False
797,1.0,1.0,1.0,1.585367940047273,0.0,0.0,0.5974586651327558,False,True,False,False,False,True,False
798,1.0,3.0,1.0,0.1762417823410681,0.0,0.0,-0.6734890949168695,False,True,False,False,True,False,False
799,0.0,3.0,0.0,0.09795699580183448,0.0,0.0,-0.7806499353420233,False,False,False,True,False,False,False
800,0.0,3.0,1.0,0.09795699580183448,1.0,1.0,0.46633936984052415,False,True,False,False,True,False,False
801,0.0,2.0,0.0,0.4110961419587689,0.0,0.0,-0.3553670951484481,False,True,False,True,False,False,False
802,1.0,2.0,1.0,0.1762417823410681,1.0,1.0,0.6211002287173711,False,True,False,False,True,False,False
804,1.0,3.0,0.0,-2.2177069900286956,0.0,1.0,-0.6857667897210993,False,False,False,False,False,False,False
805,1.0,3.0,0.0,-0.13689736381586634,0.0,0.0,-0.7993833688308302,False,True,False,True,False,False,False
806,0.0,3.0,0.0,0.1762417823410681,0.0,0.0,-0.7404268511634599,False,True,False,True,False,False,False
807,0.0,1.0,0.0,0.802520074654937,0.0,0.0,-1.313410507243214,False,True,False,True,False,False,False
808,0.0,3.0,1.0,-0.8414604426689688,0.0,0.0,-0.7404268511634599,False,True,True,False,False,False,False
809,0.0,2.0,0.0,0.802520074654937,0.0,0.0,-0.3553670951484481,False,True,False,True,False,False,False
810,1.0,1.0,1.0,0.3328113554195353,1.0,0.0,2.5998283529284842,False,True,False,False,True,False,False
811,0.0,3.0,0.0,-0.21518215035509997,0.0,0.0,-0.732136090866486,False,True,False,True,False,False,False
812,0.0,3.0,0.0,0.802520074654937,0.0,0.0,0.46633936984052415,False,True,False,True,False,False,False
813,0.0,2.0,0.0,0.4893809284980025,0.0,0.0,-0.53960621285898,False,True,False,True,False,False,False
814,0.0,3.0,1.0,-1.780877881139772,4.0,2.0,0.9914208553155401,False,True,True,False,False,False,False
815,0.0,3.0,0.0,0.13709938907145128,0.0,0.0,-0.7201605482153013,False,True,False,True,False,False,False
816,0.0,1.0,0.0,-0.058612577276632744,0.0,0.0,-1.313410507243214,False,True,False,True,False,False,False
817,0.0,3.0,1.0,-0.4500365099728008,0.0,0.0,-0.7293725041008279,False,True,True,False,False,False,False
818,0.0,2.0,0.0,0.1762417823410681,1.0,1.0,1.4136379565904118,False,False,False,True,False,False,False
819,0.0,3.0,0.0,1.1156592208118714,0.0,0.0,-0.8380735835500418,False,True,False,True,False,False,False
820,0.0,3.0,0.0,-1.4677387349828377,3.0,2.0,0.7426980464063221,False,True,False,False,False,False,False
822,1.0,3.0,0.0,-0.13689736381586634,0.0,0.0,-0.6750219643762211,False,True,False,True,False,False,False
823,0.0,1.0,0.0,0.7242352881157034,0.0,0.0,-1.313410507243214,False,True,False,False,False,True,False
824,1.0,3.0,1.0,-0.13689736381586634,0.0,1.0,-0.39405730986765986,False,True,False,False,True,False,False
825,0.0,3.0,0.0,-2.0940170272967067,4.0,1.0,1.6113854864114803,False,True,False,False,False,False,False
826,0.0,3.0,0.0,-0.058612577276632744,0.0,0.0,-0.8012257600079354,True,False,False,True,False,False,False
827,0.0,3.0,0.0,-0.058612577276632744,0.0,0.0,2.850084031297054,False,True,False,True,False,False,False
828,1.0,2.0,0.0,-2.1723018138359405,0.0,2.0,1.4136379565904118,False,False,False,False,False,False,False
829,1.0,3.0,0.0,-0.058612577276632744,0.0,0.0,-0.7422692423405652,True,False,False,True,False,False,False
831,1.0,3.0,1.0,-1.0763148022866698,1.0,0.0,-0.2481988851585859,False,False,False,False,True,False,False
832,1.0,2.0,0.0,-2.18561022754761,1.0,1.0,0.0683828755857753,False,True,False,False,False,False,False
833,0.0,3.0,0.0,-0.058612577276632744,0.0,0.0,-0.7806499353420233,False,False,False,True,False,False,False
834,0.0,3.0,0.0,-0.4500365099728008,0.0,0.0,-0.7345901559143904,False,True,False,True,False,False,False
835,0.0,3.0,0.0,-0.8414604426689688,0.0,0.0,-0.7017366364442481,False,True,False,True,False,False,False
837,0.0,3.0,0.0,-0.6066060830512681,0.0,0.0,-0.6750219643762211,False,True,False,True,False,False,False
838,0.0,3.0,0.0,-0.058612577276632744,0.0,0.0,-0.7201605482153013,False,True,False,True,False,False,False
839,1.0,3.0,0.0,0.25452656888030173,0.0,0.0,2.850084031297054,False,True,False,True,False,False,False
840,1.0,1.0,0.0,-0.058612577276632744,0.0,0.0,0.8753502111579051,False,False,False,True,False,False,False
841,0.0,3.0,0.0,-0.6848908695905016,0.0,0.0,-0.7293725041008279,False,True,False,True,False,False,False
842,0.0,2.0,0.0,-0.9980300157474361,0.0,0.0,-0.53960621285898,False,True,False,True,False,False,False
843,1.0,1.0,1.0,0.09795699580183448,0.0,0.0,0.9711545523673818,False,False,True,False,False,False,False
844,0.0,3.0,0.0,0.45023853522838575,0.0,0.0,-0.8389947791385944,False,False,False,True,False,False,False
845,0.0,3.0,0.0,-0.9197452292082025,0.0,0.0,-0.6750219643762211,False,True,False,True,False,False,False
846,0.0,3.0,0.0,1.0373744342726379,0.0,0.0,-0.7570083717574076,False,True,False,True,False,False,False
848,0.0,3.0,0.0,0.4893809284980025,0.0,0.0,-0.7315244169956868,False,False,False,True,False,False,False
849,0.0,2.0,0.0,-0.058612577276632744,0.0,1.0,1.1185458465358074,False,True,False,False,False,True,False
851,0.0,3.0,0.0,-1.9374474542182394,4.0,2.0,0.9914208553155401,False,True,False,False,False,False,False
852,0.0,3.0,0.0,3.542487603528113,0.0,0.0,-0.7404268511634599,False,True,False,True,False,False,False
853,0.0,3.0,1.0,-1.5460235215220715,1.0,1.0,-0.18986141092672315,False,False,True,False,False,False,False
854,1.0,1.0,1.0,-0.9980300157474361,0.0,1.0,1.590197987874769,False,True,True,False,False,False,False
855,0.0,2.0,1.0,1.193944007351105,1.0,0.0,0.602676316946318,False,True,False,False,True,False,False
856,1.0,3.0,1.0,-0.8414604426689688,0.0,1.0,-0.6243562070058247,False,True,False,False,True,False,False
858,1.0,1.0,0.0,1.7419375131257404,0.0,0.0,0.643208922842635,False,True,False,True,False,False,False
859,1.0,3.0,1.0,-0.37175172343356716,0.0,3.0,0.10584237299868055,False,False,False,False,True,False,False
860,0.0,3.0,0.0,-0.058612577276632744,0.0,0.0,-0.7806499353420233,False,False,False,True,False,False,False
861,0.0,3.0,0.0,0.9590896477334042,2.0,0.0,-0.27369020948501516,False,True,False,True,False,False,False
862,0.0,2.0,0.0,-0.6066060830512681,1.0,0.0,-0.4659105657747673,False,True,False,True,False,False,False
863,1.0,1.0,1.0,1.5070831535080396,0.0,0.0,0.5974586651327558,False,True,False,False,True,False,False
865,0.0,2.0,0.0,-0.37175172343356716,0.0,0.0,-0.3553670951484481,False,True,False,True,False,False,False
866,1.0,2.0,1.0,1.0373744342726379,0.0,0.0,-0.3553670951484481,False,True,False,False,True,False,False
867,1.0,2.0,1.0,-0.13689736381586634,1.0,0.0,-0.29211412125606834,False,False,True,False,False,False,False
868,0.0,1.0,0.0,0.1762417823410681,0.0,0.0,2.4079101487917773,False,True,False,True,False,False,False
869,0.0,3.0,0.0,-0.058612577276632744,0.0,0.0,-0.6133018599431929,False,True,False,True,False,False,False
870,1.0,3.0,0.0,-1.9374474542182394,1.0,1.0,-0.4929347595605481,False,True,False,False,False,False,False
871,0.0,3.0,0.0,-0.21518215035509997,0.0,0.0,-0.7315244169956868,False,True,False,True,False,False,False
872,1.0,1.0,1.0,1.4287983669688058,1.0,1.0,2.559605268749921,False,True,False,False,True,False,False
873,0.0,1.0,0.0,0.3328113554195353,0.0,0.0,-0.9449322718221503,False,True,False,True,False,False,False
874,0.0,3.0,0.0,1.4287983669688058,0.0,0.0,-0.6501496834852992,False,True,False,True,False,False,False
875,1.0,2.0,1.0,-0.058612577276632744,1.0,0.0,0.45528502277789235,False,False,False,False,True,False,False
876,1.0,3.0,1.0,-1.0763148022866698,0.0,0.0,-0.7809594570597769,False,False,True,False,False,False,False
877,0.0,3.0,0.0,-0.6848908695905016,0.0,0.0,-0.587817905181472,False,True,False,True,False,False,False
878,0.0,3.0,0.0,-0.7631756561297353,0.0,0.0,-0.7315244169956868,False,True,False,True,False,False,False
879,0.0,3.0,0.0,-0.058612577276632744,0.0,0.0,-0.7315244169956868,False,True,False,True,False,False,False
881,1.0,2.0,1.0,-0.29346693689433356,0.0,1.0,0.602676316946318,False,True,False,False,True,False,False
882,0.0,3.0,0.0,0.3328113554195353,0.0,0.0,-0.7315244169956868,False,True,False,True,False,False,False
883,0.0,3.0,1.0,-0.5283212965120344,0.0,0.0,-0.5383754955526737,False,True,True,False,False,False,False
884,0.0,2.0,0.0,-0.058612577276632744,0.0,0.0,-0.53960621285898,False,True,False,True,False,False,False
885,0.0,3.0,0.0,-0.29346693689433356,0.0,0.0,-0.7938561952995141,False,True,False,True,False,False,False
886,0.0,3.0,1.0,0.802520074654937,0.0,5.0,0.8329752140844828,True,False,False,False,True,False,False
887,0.0,2.0,0.0,-0.13689736381586634,0.0,0.0,-0.3553670951484481,False,True,False,False,False,True,False
888,1.0,1.0,1.0,-0.7631756561297353,0.0,0.0,0.897458905283169,False,True,True,False,False,False,False
889,0.0,3.0,1.0,-0.058612577276632744,1.0,2.0,0.41475241688157527,False,True,True,False,False,False,False
890,1.0,1.0,0.0,-0.21518215035509997,0.0,0.0,0.897458905283169,False,False,False,True,False,False,False
891,0.0,3.0,0.0,0.25452656888030173,0.0,0.0,-0.7422692423405652,True,False,False,True,False,False,False
